sorteo_id,fecha,modalidad,num1,num2,num3,num4,num5,num6,numero_plus
1,2022-10-22,Loto Tradicional,0,20,23,26,29,41,3
2,2022-10-22,Loto Match,1,17,24,30,38,44,3
3,2022-10-22,Loto Desquite,1,16,20,21,28,31,3
4,2022-10-22,Loto Sale o Sale,0,3,18,34,39,41,3
5,2022-10-26,Loto Tradicional,10,15,17,36,39,41,0
6,2022-10-26,Loto Match,0,4,18,20,30,37,0
7,2022-10-26,Loto Desquite,5,11,12,17,36,40,0
8,2022-10-26,Loto Sale o Sale,1,23,24,33,36,39,0
9,2022-10-29,Loto Tradicional,5,9,13,18,20,35,1
10,2022-10-29,Loto Match,6,7,18,23,35,37,1
11,2022-10-29,Loto Desquite,3,5,7,22,30,43,1
12,2022-10-29,Loto Sale o Sale,17,20,21,22,23,36,1
13,2022-11-02,Loto Tradicional,0,10,12,18,27,42,1
14,2022-11-02,Loto Match,2,7,9,39,41,43,1
15,2022-11-02,Loto Desquite,6,9,10,14,17,35,1
16,2022-11-02,Loto Sale o Sale,10,13,18,24,34,42,1
17,2022-11-09,Loto Tradicional,3,10,16,21,25,41,4
18,2022-11-09,Loto Match,4,11,18,37,43,45,4
19,2022-11-09,Loto Desquite,0,27,28,31,36,38,4
20,2022-11-09,Loto Sale o Sale,0,9,10,13,29,31,4
21,2022-11-12,Loto Tradicional,6,16,25,34,39,41,4
22,2022-11-12,Loto Match,14,16,18,29,35,38,4
23,2022-11-12,Loto Desquite,9,14,24,28,42,43,4
24,2022-11-12,Loto Sale o Sale,9,13,19,26,34,37,4
25,2022-11-16,Loto Tradicional,2,21,29,34,40,44,6
26,2022-11-16,Loto Match,3,9,11,37,38,44,6
27,2022-11-16,Loto Desquite,6,7,10,26,33,45,6
28,2022-11-16,Loto Sale o Sale,2,5,30,32,42,43,6
29,2022-11-19,Loto Tradicional,12,15,18,39,41,45,2
30,2022-11-19,Loto Match,12,18,28,33,35,42,2
31,2022-11-19,Loto Desquite,5,10,14,33,40,45,2
32,2022-11-19,Loto Sale o Sale,1,20,27,38,40,45,2
33,2022-11-23,Loto Tradicional,7,20,24,32,35,36,4
34,2022-11-23,Loto Match,0,9,30,33,38,44,4
35,2022-11-23,Loto Desquite,13,16,25,35,39,42,4
36,2022-11-23,Loto Sale o Sale,13,18,20,33,35,42,4
37,2022-11-26,Loto Tradicional,9,13,30,33,40,43,3
38,2022-11-26,Loto Match,3,8,9,14,15,27,3
39,2022-11-26,Loto Desquite,8,9,16,25,35,43,3
40,2022-11-26,Loto Sale o Sale,4,9,13,27,33,36,3
41,2022-11-30,Loto Tradicional,9,18,23,26,41,44,8
42,2022-11-30,Loto Match,17,33,34,35,40,45,8
43,2022-11-30,Loto Desquite,3,15,18,19,23,25,8
44,2022-11-30,Loto Sale o Sale,2,4,11,16,26,36,8
45,2022-12-03,Loto Tradicional,6,20,24,29,38,40,7
46,2022-12-03,Loto Match,8,15,17,18,41,42,7
47,2022-12-03,Loto Desquite,1,11,29,32,33,39,7
48,2022-12-03,Loto Sale o Sale,1,8,18,34,35,42,7
49,2022-12-07,Loto Tradicional,4,6,21,37,38,44,3
50,2022-12-07,Loto Match,0,5,11,24,37,38,3
51,2022-12-07,Loto Desquite,4,11,23,31,33,41,3
52,2022-12-07,Loto Sale o Sale,6,11,17,27,33,37,3
53,2022-12-10,Loto Tradicional,1,4,14,16,23,35,3
54,2022-12-10,Loto Match,2,18,20,21,28,36,3
55,2022-12-10,Loto Desquite,2,7,25,30,40,43,3
56,2022-12-10,Loto Sale o Sale,0,1,31,36,41,45,3
57,2022-12-14,Loto Tradicional,0,7,14,39,40,42,8
58,2022-12-14,Loto Match,12,17,18,20,40,43,8
59,2022-12-14,Loto Desquite,0,11,18,27,42,45,8
60,2022-12-14,Loto Sale o Sale,1,2,23,40,43,44,8
61,2022-12-17,Loto Tradicional,0,1,2,7,22,26,7
62,2022-12-17,Loto Match,3,6,7,11,24,27,7
63,2022-12-17,Loto Desquite,10,13,19,29,32,41,7
64,2022-12-17,Loto Sale o Sale,5,23,24,33,44,45,7
65,2022-12-21,Loto Tradicional,6,10,23,29,42,45,7
66,2022-12-21,Loto Match,7,8,18,27,35,37,7
67,2022-12-21,Loto Desquite,0,3,10,12,29,42,7
68,2022-12-21,Loto Sale o Sale,3,7,13,17,31,41,7
69,2022-12-23,Loto Tradicional,6,14,20,30,35,45,4
70,2022-12-23,Loto Match,0,4,17,32,34,45,4
71,2022-12-23,Loto Desquite,8,13,24,27,30,45,4
72,2022-12-23,Loto Sale o Sale,19,22,27,32,37,44,4
73,2022-12-28,Loto Tradicional,3,7,19,25,27,32,1
74,2022-12-28,Loto Match,9,16,25,26,34,40,1
75,2022-12-28,Loto Desquite,2,13,20,25,27,43,1
76,2022-12-28,Loto Sale o Sale,19,31,32,38,39,45,1
77,2022-12-30,Loto Tradicional,20,21,25,27,28,36,6
78,2022-12-30,Loto Match,2,16,19,26,29,43,6
79,2022-12-30,Loto Desquite,3,9,17,24,25,44,6
80,2022-12-30,Loto Sale o Sale,11,17,19,22,38,41,6
81,2023-01-04,Loto Tradicional,2,32,33,35,42,43,0
82,2023-01-04,Loto Match,0,1,2,5,28,42,0
83,2023-01-04,Loto Desquite,1,3,10,19,29,40,0
84,2023-01-04,Loto Sale o Sale,1,3,5,7,16,24,0
85,2023-01-07,Loto Tradicional,1,10,14,15,22,31,2
86,2023-01-07,Loto Match,7,9,17,18,19,34,2
87,2023-01-07,Loto Desquite,10,15,21,25,30,34,2
88,2023-01-07,Loto Sale o Sale,0,6,13,16,23,30,2
89,2023-01-11,Loto Tradicional,17,29,33,36,39,43,4
90,2023-01-11,Loto Match,6,18,30,32,38,42,4
91,2023-01-11,Loto Desquite,0,10,15,18,33,40,4
92,2023-01-11,Loto Sale o Sale,12,19,28,31,34,41,4
93,2023-01-14,Loto Tradicional,11,17,24,37,38,43,3
94,2023-01-14,Loto Match,7,26,27,28,29,31,3
95,2023-01-14,Loto Desquite,12,17,37,38,39,45,3
96,2023-01-14,Loto Sale o Sale,7,15,18,23,30,41,3
97,2023-01-18,Loto Tradicional,4,6,9,38,41,43,0
98,2023-01-18,Loto Match,1,7,12,15,19,24,0
99,2023-01-18,Loto Desquite,12,16,23,26,32,41,0
100,2023-01-18,Loto Sale o Sale,3,8,14,20,36,41,0
101,2023-01-21,Loto Tradicional,1,7,9,10,11,17,0
102,2023-01-21,Loto Match,13,17,27,39,41,45,0
103,2023-01-21,Loto Desquite,7,10,16,27,36,39,0
104,2023-01-21,Loto Sale o Sale,6,10,15,17,27,32,0
105,2023-01-25,Loto Tradicional,1,2,17,33,41,43,6
106,2023-01-25,Loto Match,3,8,10,15,40,45,6
107,2023-01-25,Loto Desquite,12,18,22,28,36,45,6
108,2023-01-25,Loto Sale o Sale,4,14,17,22,27,40,6
109,2023-01-28,Loto Tradicional,13,14,16,22,31,44,3
110,2023-01-28,Loto Match,6,9,10,21,30,38,3
111,2023-01-28,Loto Desquite,4,12,13,16,22,37,3
112,2023-01-28,Loto Sale o Sale,1,17,22,27,33,36,3
113,2023-02-01,Loto Tradicional,0,9,16,21,28,39,2
114,2023-02-01,Loto Match,2,14,21,27,32,41,2
115,2023-02-01,Loto Desquite,8,10,12,17,28,41,2
116,2023-02-01,Loto Sale o Sale,1,11,13,21,34,42,2
117,2023-02-04,Loto Tradicional,17,27,28,30,37,42,4
118,2023-02-04,Loto Match,3,6,7,30,33,45,4
119,2023-02-04,Loto Desquite,4,9,16,23,27,37,4
120,2023-02-04,Loto Sale o Sale,20,27,28,41,42,43,4
121,2023-02-08,Loto Tradicional,5,6,7,20,25,41,6
122,2023-02-08,Loto Match,5,8,9,22,35,44,6
123,2023-02-08,Loto Desquite,8,15,25,29,37,38,6
124,2023-02-08,Loto Sale o Sale,16,19,24,31,36,39,6
125,2023-02-11,Loto Tradicional,16,23,27,28,37,43,5
126,2023-02-11,Loto Match,11,16,19,22,38,39,5
127,2023-02-11,Loto Desquite,9,13,28,32,39,42,5
128,2023-02-11,Loto Sale o Sale,7,13,18,31,35,41,5
129,2023-02-15,Loto Tradicional,4,12,32,34,42,45,9
130,2023-02-15,Loto Match,3,12,15,24,31,44,9
131,2023-02-15,Loto Desquite,3,11,25,33,35,38,9
132,2023-02-15,Loto Sale o Sale,0,3,26,34,37,44,9
133,2023-02-18,Loto Tradicional,0,4,14,27,38,42,0
134,2023-02-18,Loto Match,0,8,12,22,25,35,0
135,2023-02-18,Loto Desquite,7,14,24,41,42,44,0
136,2023-02-18,Loto Sale o Sale,19,25,27,30,33,38,0
137,2023-02-22,Loto Tradicional,1,11,12,14,15,43,0
138,2023-02-22,Loto Match,14,23,27,30,41,43,0
139,2023-02-22,Loto Desquite,4,15,19,22,36,43,0
140,2023-02-22,Loto Sale o Sale,28,34,35,36,39,40,0
141,2023-02-25,Loto Tradicional,4,18,33,36,42,44,8
142,2023-02-25,Loto Match,2,23,24,26,31,41,8
143,2023-02-25,Loto Desquite,5,6,22,27,28,40,8
144,2023-02-25,Loto Sale o Sale,7,10,13,21,35,36,8
145,2023-03-01,Loto Tradicional,0,4,8,26,33,43,7
146,2023-03-01,Loto Match,11,14,15,30,36,44,7
147,2023-03-01,Loto Desquite,7,13,17,26,29,39,7
148,2023-03-01,Loto Sale o Sale,3,16,23,24,32,43,7
149,2023-03-04,Loto Tradicional,0,9,15,26,27,37,9
150,2023-03-04,Loto Match,2,5,16,18,23,45,9
151,2023-03-04,Loto Desquite,0,2,14,15,31,38,9
152,2023-03-04,Loto Sale o Sale,6,18,19,22,33,34,9
153,2023-03-08,Loto Tradicional,5,12,18,20,37,39,7
154,2023-03-08,Loto Match,5,8,10,11,26,44,7
155,2023-03-08,Loto Desquite,1,18,25,27,35,39,7
156,2023-03-08,Loto Sale o Sale,9,11,22,24,41,42,7
157,2023-03-11,Loto Tradicional,0,6,7,19,42,45,0
158,2023-03-11,Loto Match,13,16,25,30,33,40,0
159,2023-03-11,Loto Desquite,6,7,11,25,34,41,0
160,2023-03-11,Loto Sale o Sale,4,8,18,36,42,45,0
161,2023-03-15,Loto Tradicional,7,13,14,16,26,33,3
162,2023-03-15,Loto Match,13,17,20,24,26,34,3
163,2023-03-15,Loto Desquite,0,6,9,16,27,39,3
164,2023-03-15,Loto Sale o Sale,7,9,22,25,40,43,3
165,2023-03-18,Loto Tradicional,0,2,7,16,21,44,3
166,2023-03-18,Loto Match,11,19,20,21,41,43,3
167,2023-03-18,Loto Desquite,6,11,12,21,22,36,3
168,2023-03-18,Loto Sale o Sale,17,19,31,32,39,43,3
169,2023-03-22,Loto Tradicional,6,11,19,31,37,39,9
170,2023-03-22,Loto Match,1,6,9,12,30,33,9
171,2023-03-22,Loto Desquite,2,4,23,30,33,42,9
172,2023-03-22,Loto Sale o Sale,0,1,17,32,37,42,9
173,2023-03-25,Loto Tradicional,10,20,23,24,36,45,8
174,2023-03-25,Loto Match,3,6,11,15,32,43,8
175,2023-03-25,Loto Desquite,3,4,13,27,29,44,8
176,2023-03-25,Loto Sale o Sale,13,15,19,20,23,38,8
177,2023-03-29,Loto Tradicional,4,10,16,31,34,44,1
178,2023-03-29,Loto Match,6,21,28,35,40,44,1
179,2023-03-29,Loto Desquite,8,15,20,29,43,45,1
180,2023-03-29,Loto Sale o Sale,0,4,15,16,34,43,1
181,2023-04-01,Loto Tradicional,8,10,11,15,19,36,7
182,2023-04-01,Loto Match,6,7,8,10,11,36,7
183,2023-04-01,Loto Desquite,3,5,6,15,21,42,7
184,2023-04-01,Loto Sale o Sale,6,15,16,26,40,41,7
185,2023-04-05,Loto Tradicional,2,3,28,30,44,45,8
186,2023-04-05,Loto Match,25,27,29,31,36,41,8
187,2023-04-05,Loto Desquite,31,32,35,37,39,40,8
188,2023-04-05,Loto Sale o Sale,3,6,7,30,33,37,8
189,2023-04-08,Loto Tradicional,3,6,18,23,31,41,1
190,2023-04-08,Loto Match,0,3,20,35,36,45,1
191,2023-04-08,Loto Desquite,3,11,18,20,31,44,1
192,2023-04-08,Loto Sale o Sale,7,17,23,33,36,37,1
193,2023-04-12,Loto Tradicional,0,7,19,21,41,42,1
194,2023-04-12,Loto Match,3,21,30,31,32,39,1
195,2023-04-12,Loto Desquite,9,11,14,15,28,30,1
196,2023-04-12,Loto Sale o Sale,18,26,27,28,33,41,1
197,2023-04-15,Loto Tradicional,2,4,25,32,39,40,8
198,2023-04-15,Loto Match,7,15,27,32,33,36,8
199,2023-04-15,Loto Desquite,2,7,11,26,33,45,8
200,2023-04-15,Loto Sale o Sale,9,10,12,20,23,28,8
201,2023-04-19,Loto Tradicional,14,19,22,26,39,42,9
202,2023-04-19,Loto Match,4,7,10,12,26,37,9
203,2023-04-19,Loto Desquite,3,31,35,36,38,42,9
204,2023-04-19,Loto Sale o Sale,3,8,18,34,41,45,9
205,2023-04-22,Loto Tradicional,9,11,16,22,26,45,0
206,2023-04-22,Loto Match,4,15,20,27,30,31,0
207,2023-04-22,Loto Desquite,18,27,35,37,41,42,0
208,2023-04-22,Loto Sale o Sale,3,7,10,20,37,39,0
209,2023-04-26,Loto Tradicional,4,8,21,25,32,38,2
210,2023-04-26,Loto Match,13,18,19,20,28,43,2
211,2023-04-26,Loto Desquite,0,21,24,28,33,41,2
212,2023-04-26,Loto Sale o Sale,12,13,20,22,23,37,2
213,2023-04-29,Loto Tradicional,11,21,32,35,44,45,1
214,2023-04-29,Loto Match,11,13,23,25,30,38,1
215,2023-04-29,Loto Desquite,5,10,22,26,30,33,1
216,2023-04-29,Loto Sale o Sale,3,10,18,22,39,42,1
217,2023-05-03,Loto Tradicional,2,3,14,40,41,44,6
218,2023-05-03,Loto Match,6,10,22,26,31,45,6
219,2023-05-03,Loto Desquite,11,22,30,37,39,41,6
220,2023-05-03,Loto Sale o Sale,3,22,24,26,32,34,6
221,2023-05-06,Loto Tradicional,5,12,15,22,33,45,3
222,2023-05-06,Loto Match,5,7,25,27,29,36,3
223,2023-05-06,Loto Desquite,8,13,21,29,34,45,3
224,2023-05-06,Loto Sale o Sale,6,20,21,22,35,42,3
225,2023-05-10,Loto Tradicional,4,15,18,24,40,44,4
226,2023-05-10,Loto Match,2,8,21,30,36,43,4
227,2023-05-10,Loto Desquite,0,8,15,26,41,45,4
228,2023-05-10,Loto Sale o Sale,5,21,23,27,31,40,4
229,2023-05-13,Loto Tradicional,13,23,25,29,36,44,2
230,2023-05-13,Loto Match,0,4,5,6,19,34,2
231,2023-05-13,Loto Desquite,4,7,26,34,35,36,2
232,2023-05-13,Loto Sale o Sale,5,10,22,32,39,43,2
233,2023-05-17,Loto Tradicional,0,8,24,28,31,35,7
234,2023-05-17,Loto Match,0,3,16,20,23,24,7
235,2023-05-17,Loto Desquite,1,3,21,23,26,29,7
236,2023-05-17,Loto Sale o Sale,8,9,10,11,19,28,7
237,2023-05-20,Loto Tradicional,12,20,27,30,38,40,2
238,2023-05-20,Loto Match,4,11,22,24,30,44,2
239,2023-05-20,Loto Desquite,5,9,10,14,26,44,2
240,2023-05-20,Loto Sale o Sale,2,12,18,31,40,43,2
241,2023-05-24,Loto Tradicional,3,4,16,32,33,35,7
242,2023-05-24,Loto Match,0,17,18,26,28,42,7
243,2023-05-24,Loto Desquite,11,13,14,17,38,39,7
244,2023-05-24,Loto Sale o Sale,2,11,13,16,37,39,7
245,2023-05-27,Loto Tradicional,5,12,13,30,35,39,7
246,2023-05-27,Loto Match,4,6,7,8,9,15,7
247,2023-05-27,Loto Desquite,2,11,12,18,27,35,7
248,2023-05-27,Loto Sale o Sale,3,5,11,24,36,40,7
249,2023-05-31,Loto Tradicional,1,5,24,33,35,45,5
250,2023-05-31,Loto Match,1,7,12,30,41,43,5
251,2023-05-31,Loto Desquite,2,17,22,25,34,41,5
252,2023-05-31,Loto Sale o Sale,13,15,29,30,35,40,5
253,2023-06-03,Loto Tradicional,3,19,23,24,26,28,3
254,2023-06-03,Loto Match,9,13,18,33,41,42,3
255,2023-06-03,Loto Desquite,4,10,12,14,25,41,3
256,2023-06-03,Loto Sale o Sale,11,13,14,30,37,41,3
257,2023-06-07,Loto Tradicional,6,7,19,20,25,45,5
258,2023-06-07,Loto Match,2,5,13,34,35,41,5
259,2023-06-07,Loto Desquite,0,4,10,15,30,31,5
260,2023-06-07,Loto Sale o Sale,0,4,7,16,19,27,5
261,2023-06-10,Loto Tradicional,2,9,12,13,28,42,0
262,2023-06-10,Loto Match,3,11,21,22,29,43,0
263,2023-06-10,Loto Desquite,6,7,9,13,18,29,0
264,2023-06-10,Loto Sale o Sale,2,17,23,30,32,42,0
265,2023-06-14,Loto Tradicional,3,6,9,13,15,37,0
266,2023-06-14,Loto Match,6,7,12,16,23,31,0
267,2023-06-14,Loto Desquite,1,3,19,20,36,38,0
268,2023-06-14,Loto Sale o Sale,16,21,25,29,31,33,0
269,2023-06-17,Loto Tradicional,4,16,18,20,39,40,1
270,2023-06-17,Loto Match,0,8,19,29,38,43,1
271,2023-06-17,Loto Desquite,1,2,6,11,17,22,1
272,2023-06-17,Loto Sale o Sale,2,9,24,30,32,44,1
273,2023-06-21,Loto Tradicional,20,22,27,29,41,42,6
274,2023-06-21,Loto Match,10,20,35,36,41,44,6
275,2023-06-21,Loto Desquite,9,15,21,27,30,42,6
276,2023-06-21,Loto Sale o Sale,20,33,38,39,42,45,6
277,2023-06-24,Loto Tradicional,0,25,27,31,39,41,9
278,2023-06-24,Loto Match,0,10,16,19,23,44,9
279,2023-06-24,Loto Desquite,8,15,18,28,32,40,9
280,2023-06-24,Loto Sale o Sale,0,13,15,17,33,35,9
281,2023-06-28,Loto Tradicional,0,4,5,9,22,40,4
282,2023-06-28,Loto Match,2,15,17,24,27,36,4
283,2023-06-28,Loto Desquite,3,5,24,26,33,43,4
284,2023-06-28,Loto Sale o Sale,10,15,17,18,32,36,4
285,2023-07-01,Loto Tradicional,8,12,13,16,31,37,2
286,2023-07-01,Loto Match,8,25,26,38,41,43,2
287,2023-07-01,Loto Desquite,1,2,3,8,13,29,2
288,2023-07-01,Loto Sale o Sale,0,18,20,24,34,40,2
289,2023-07-05,Loto Tradicional,8,9,18,38,44,45,5
290,2023-07-05,Loto Match,7,15,20,25,38,43,5
291,2023-07-05,Loto Desquite,3,8,10,15,20,32,5
292,2023-07-05,Loto Sale o Sale,2,8,20,28,29,33,5
293,2023-07-08,Loto Tradicional,1,9,14,24,35,45,2
294,2023-07-08,Loto Match,1,5,13,20,21,45,2
295,2023-07-08,Loto Desquite,4,10,18,22,26,40,2
296,2023-07-08,Loto Sale o Sale,2,3,5,7,32,35,2
297,2023-07-12,Loto Tradicional,2,17,30,40,42,43,0
298,2023-07-12,Loto Match,1,13,14,15,27,39,0
299,2023-07-12,Loto Desquite,2,9,18,29,31,33,0
300,2023-07-12,Loto Sale o Sale,1,9,10,40,41,43,0
301,2023-07-15,Loto Tradicional,3,11,17,28,34,39,2
302,2023-07-15,Loto Match,3,5,9,19,24,41,2
303,2023-07-15,Loto Desquite,3,18,31,33,36,44,2
304,2023-07-15,Loto Sale o Sale,3,5,22,31,32,45,2
305,2023-07-19,Loto Tradicional,12,18,19,26,32,43,6
306,2023-07-19,Loto Match,4,9,16,23,29,41,6
307,2023-07-19,Loto Desquite,15,17,18,22,38,41,6
308,2023-07-19,Loto Sale o Sale,1,2,9,12,41,44,6
309,2023-07-22,Loto Tradicional,12,28,37,39,41,45,1
310,2023-07-22,Loto Match,3,6,11,21,28,42,1
311,2023-07-22,Loto Desquite,0,4,7,24,32,41,1
312,2023-07-22,Loto Sale o Sale,1,5,8,38,41,43,1
313,2023-07-26,Loto Tradicional,2,4,7,21,27,41,1
314,2023-07-26,Loto Match,2,4,10,13,23,30,1
315,2023-07-26,Loto Desquite,10,14,16,23,33,40,1
316,2023-07-26,Loto Sale o Sale,0,4,20,31,39,43,1
317,2023-07-29,Loto Tradicional,10,15,21,28,41,44,7
318,2023-07-29,Loto Match,2,5,10,23,27,28,7
319,2023-07-29,Loto Desquite,17,18,19,31,32,34,7
320,2023-07-29,Loto Sale o Sale,7,17,38,40,44,45,7
321,2023-08-02,Loto Tradicional,0,6,15,18,30,35,8
322,2023-08-02,Loto Match,1,8,9,21,34,45,8
323,2023-08-02,Loto Desquite,0,2,28,30,33,37,8
324,2023-08-02,Loto Sale o Sale,0,4,12,20,25,33,8
325,2023-08-05,Loto Tradicional,14,17,21,23,27,38,3
326,2023-08-05,Loto Match,1,4,16,33,38,41,3
327,2023-08-05,Loto Desquite,5,25,29,35,36,43,3
328,2023-08-05,Loto Sale o Sale,13,15,18,20,24,45,3
329,2023-08-09,Loto Tradicional,2,7,11,21,22,44,9
330,2023-08-09,Loto Match,10,17,34,37,41,43,9
331,2023-08-09,Loto Desquite,9,14,17,22,28,29,9
332,2023-08-09,Loto Sale o Sale,1,4,5,11,21,42,9
333,2023-08-12,Loto Tradicional,2,8,15,16,22,44,9
334,2023-08-12,Loto Match,7,16,21,26,34,38,9
335,2023-08-12,Loto Desquite,16,21,25,31,35,39,9
336,2023-08-12,Loto Sale o Sale,0,7,18,19,41,44,9
337,2023-08-16,Loto Tradicional,7,12,23,33,37,42,5
338,2023-08-16,Loto Match,7,13,23,37,39,42,5
339,2023-08-16,Loto Desquite,6,17,19,24,25,40,5
340,2023-08-16,Loto Sale o Sale,0,4,24,33,36,42,5
341,2023-08-18,Loto Tradicional,13,15,29,38,42,45,8
342,2023-08-18,Loto Match,5,14,27,35,37,38,8
343,2023-08-18,Loto Desquite,13,27,35,39,43,44,8
344,2023-08-18,Loto Sale o Sale,0,5,7,28,30,35,8
345,2023-08-23,Loto Tradicional,4,7,32,36,37,38,2
346,2023-08-23,Loto Match,1,3,7,13,28,38,2
347,2023-08-23,Loto Desquite,7,23,27,28,31,41,2
348,2023-08-23,Loto Sale o Sale,21,26,27,28,32,38,2
349,2023-08-26,Loto Tradicional,6,11,23,25,32,38,3
350,2023-08-26,Loto Match,0,12,19,25,27,33,3
351,2023-08-26,Loto Desquite,7,9,14,24,26,32,3
352,2023-08-26,Loto Sale o Sale,5,7,15,33,43,44,3
353,2023-08-30,Loto Tradicional,1,5,10,11,35,39,2
354,2023-08-30,Loto Match,0,17,20,23,31,33,2
355,2023-08-30,Loto Desquite,16,30,35,39,42,45,2
356,2023-08-30,Loto Sale o Sale,3,9,14,17,19,37,2
357,2023-09-02,Loto Tradicional,2,4,6,24,32,41,0
358,2023-09-02,Loto Match,1,21,22,25,32,42,0
359,2023-09-02,Loto Desquite,12,20,21,28,30,37,0
360,2023-09-02,Loto Sale o Sale,7,8,16,21,22,24,0
361,2023-09-06,Loto Tradicional,2,3,4,10,41,44,8
362,2023-09-06,Loto Match,4,8,26,32,33,36,8
363,2023-09-06,Loto Desquite,1,10,14,22,27,38,8
364,2023-09-06,Loto Sale o Sale,12,18,19,27,29,35,8
365,2023-09-09,Loto Tradicional,4,14,21,29,39,44,7
366,2023-09-09,Loto Match,0,4,5,33,43,44,7
367,2023-09-09,Loto Desquite,22,23,26,33,42,43,7
368,2023-09-09,Loto Sale o Sale,10,18,26,32,40,44,7
369,2023-09-13,Loto Tradicional,7,8,21,32,35,44,1
370,2023-09-13,Loto Match,0,4,6,12,32,45,1
371,2023-09-13,Loto Desquite,0,2,6,18,20,29,1
372,2023-09-13,Loto Sale o Sale,3,4,28,38,39,43,1
373,2023-09-16,Loto Tradicional,1,6,9,20,33,43,5
374,2023-09-16,Loto Match,7,13,14,33,36,41,5
375,2023-09-16,Loto Desquite,6,9,18,28,33,36,5
376,2023-09-16,Loto Sale o Sale,2,11,14,16,27,29,5
377,2023-09-20,Loto Tradicional,12,20,23,27,28,39,4
378,2023-09-20,Loto Match,15,33,34,36,39,40,4
379,2023-09-20,Loto Desquite,7,8,22,23,36,44,4
380,2023-09-20,Loto Sale o Sale,4,14,18,23,24,28,4
381,2023-09-23,Loto Tradicional,7,11,15,22,39,42,4
382,2023-09-23,Loto Match,3,15,23,24,39,45,4
383,2023-09-23,Loto Desquite,4,12,23,37,39,45,4
384,2023-09-23,Loto Sale o Sale,4,13,23,24,25,34,4
385,2023-09-27,Loto Tradicional,6,14,15,25,26,36,0
386,2023-09-27,Loto Match,7,11,14,25,28,45,0
387,2023-09-27,Loto Desquite,10,11,25,26,31,36,0
388,2023-09-27,Loto Sale o Sale,7,16,24,25,34,38,0
389,2023-09-30,Loto Tradicional,0,13,19,31,39,42,0
390,2023-09-30,Loto Match,10,17,19,26,34,45,0
391,2023-09-30,Loto Desquite,6,14,22,24,40,42,0
392,2023-09-30,Loto Sale o Sale,3,4,9,18,23,40,0
393,2023-10-04,Loto Tradicional,5,7,13,33,39,43,1
394,2023-10-04,Loto Match,5,16,20,22,33,38,1
395,2023-10-04,Loto Desquite,14,26,32,36,40,44,1
396,2023-10-04,Loto Sale o Sale,11,12,17,20,37,41,1
397,2023-10-07,Loto Tradicional,10,12,17,18,32,39,7
398,2023-10-07,Loto Match,1,5,8,16,32,38,7
399,2023-10-07,Loto Desquite,6,17,18,19,35,39,7
400,2023-10-07,Loto Sale o Sale,6,12,16,23,38,42,7
401,2023-10-11,Loto Tradicional,2,3,9,18,38,39,7
402,2023-10-11,Loto Match,0,4,12,22,28,30,7
403,2023-10-11,Loto Desquite,6,8,14,22,33,41,7
404,2023-10-11,Loto Sale o Sale,1,7,17,19,23,45,7
405,2023-10-14,Loto Tradicional,9,12,24,36,42,43,4
406,2023-10-14,Loto Match,4,6,17,20,22,40,4
407,2023-10-14,Loto Desquite,3,8,32,39,44,45,4
408,2023-10-14,Loto Sale o Sale,4,19,28,36,43,44,4
409,2023-10-18,Loto Tradicional,2,13,30,31,33,35,9
410,2023-10-18,Loto Match,3,14,19,30,35,44,9
411,2023-10-18,Loto Desquite,7,25,28,29,41,45,9
412,2023-10-18,Loto Sale o Sale,1,4,5,18,30,43,9
413,2023-10-21,Loto Tradicional,17,32,37,38,39,41,4
414,2023-10-21,Loto Match,2,4,11,17,28,44,4
415,2023-10-21,Loto Desquite,8,15,20,24,33,36,4
416,2023-10-21,Loto Sale o Sale,7,15,28,30,36,41,4
417,2023-10-25,Loto Tradicional,8,11,15,23,41,42,2
418,2023-10-25,Loto Match,0,8,12,14,26,31,2
419,2023-10-25,Loto Desquite,9,10,13,17,44,45,2
420,2023-10-25,Loto Sale o Sale,8,12,19,22,30,32,2
421,2023-10-28,Loto Tradicional,2,5,12,20,24,41,8
422,2023-10-28,Loto Match,1,9,10,19,25,31,8
423,2023-10-28,Loto Desquite,1,7,13,23,31,42,8
424,2023-10-28,Loto Sale o Sale,17,18,19,21,23,45,8
425,2023-11-01,Loto Tradicional,1,4,12,17,32,33,3
426,2023-11-01,Loto Match,1,14,15,28,33,40,3
427,2023-11-01,Loto Desquite,1,8,9,22,24,36,3
428,2023-11-01,Loto Sale o Sale,7,8,14,23,24,30,3
429,2023-11-04,Loto Tradicional,0,2,11,26,41,44,8
430,2023-11-04,Loto Match,6,13,16,19,32,40,8
431,2023-11-04,Loto Desquite,27,32,36,37,40,44,8
432,2023-11-04,Loto Sale o Sale,1,10,13,29,37,45,8
433,2023-11-08,Loto Tradicional,2,3,9,24,25,28,6
434,2023-11-08,Loto Match,0,20,22,26,31,33,6
435,2023-11-08,Loto Desquite,4,11,13,14,15,35,6
436,2023-11-08,Loto Sale o Sale,3,7,11,18,23,34,6
437,2023-11-11,Loto Tradicional,0,14,19,26,29,30,2
438,2023-11-11,Loto Match,4,9,10,29,33,40,2
439,2023-11-11,Loto Desquite,2,15,17,38,42,44,2
440,2023-11-11,Loto Sale o Sale,5,8,37,38,40,44,2
441,2023-11-15,Loto Tradicional,1,9,10,13,27,37,5
442,2023-11-15,Loto Match,5,13,19,24,34,43,5
443,2023-11-15,Loto Desquite,8,15,25,29,34,39,5
444,2023-11-15,Loto Sale o Sale,3,10,13,21,24,45,5
445,2023-11-18,Loto Tradicional,19,29,35,36,43,44,4
446,2023-11-18,Loto Match,4,7,11,22,26,29,4
447,2023-11-18,Loto Desquite,2,20,26,31,34,41,4
448,2023-11-18,Loto Sale o Sale,3,12,21,34,37,38,4
449,2023-11-22,Loto Tradicional,4,15,21,26,32,44,4
450,2023-11-22,Loto Match,1,5,17,30,36,43,4
451,2023-11-22,Loto Desquite,0,14,31,35,40,41,4
452,2023-11-22,Loto Sale o Sale,18,27,38,39,43,44,4
453,2023-11-25,Loto Tradicional,5,13,22,23,32,37,5
454,2023-11-25,Loto Match,11,24,26,29,43,44,5
455,2023-11-25,Loto Desquite,5,12,15,21,23,45,5
456,2023-11-25,Loto Sale o Sale,2,5,14,18,22,32,5
457,2023-11-29,Loto Tradicional,5,7,13,30,32,45,5
458,2023-11-29,Loto Match,6,7,10,34,39,43,5
459,2023-11-29,Loto Desquite,10,20,28,29,40,41,5
460,2023-11-29,Loto Sale o Sale,2,8,9,15,35,39,5
461,2023-12-02,Loto Tradicional,16,26,39,41,42,44,6
462,2023-12-02,Loto Match,4,5,10,28,36,37,6
463,2023-12-02,Loto Desquite,0,1,9,14,21,24,6
464,2023-12-02,Loto Sale o Sale,4,13,15,22,23,27,6
465,2023-12-06,Loto Tradicional,3,4,19,25,41,44,8
466,2023-12-06,Loto Match,5,11,15,21,23,32,8
467,2023-12-06,Loto Desquite,0,11,12,17,24,29,8
468,2023-12-06,Loto Sale o Sale,1,12,19,21,28,41,8
469,2023-12-09,Loto Tradicional,3,8,25,28,31,45,6
470,2023-12-09,Loto Match,0,22,31,34,42,43,6
471,2023-12-09,Loto Desquite,5,9,24,32,39,45,6
472,2023-12-09,Loto Sale o Sale,5,7,12,38,44,45,6
473,2023-12-13,Loto Tradicional,4,14,30,36,37,40,2
474,2023-12-13,Loto Match,5,15,21,24,37,39,2
475,2023-12-13,Loto Desquite,14,16,17,21,32,35,2
476,2023-12-13,Loto Sale o Sale,1,11,14,26,29,31,2
477,2023-12-16,Loto Tradicional,1,4,12,21,32,45,3
478,2023-12-16,Loto Match,18,19,25,32,34,35,3
479,2023-12-16,Loto Desquite,9,15,22,37,41,42,3
480,2023-12-16,Loto Sale o Sale,1,4,7,15,17,24,3
481,2023-12-20,Loto Tradicional,10,22,26,31,33,39,4
482,2023-12-20,Loto Match,11,18,23,26,29,35,4
483,2023-12-20,Loto Desquite,11,13,20,24,28,40,4
484,2023-12-20,Loto Sale o Sale,5,8,9,15,23,27,4
485,2023-12-23,Loto Tradicional,7,16,24,36,41,44,9
486,2023-12-23,Loto Match,5,9,14,18,30,32,9
487,2023-12-23,Loto Desquite,5,10,21,36,41,45,9
488,2023-12-23,Loto Sale o Sale,2,18,23,30,34,43,9
489,2023-12-27,Loto Tradicional,13,16,22,34,42,43,5
490,2023-12-27,Loto Match,0,22,28,34,35,40,5
491,2023-12-27,Loto Desquite,0,15,17,23,31,44,5
492,2023-12-27,Loto Sale o Sale,7,10,18,19,34,37,5
493,2023-12-30,Loto Tradicional,0,12,13,15,19,36,7
494,2023-12-30,Loto Match,8,16,18,24,27,43,7
495,2023-12-30,Loto Desquite,5,15,25,28,40,43,7
496,2023-12-30,Loto Sale o Sale,3,9,10,20,31,45,7
497,2024-01-03,Loto Tradicional,5,10,28,31,35,41,9
498,2024-01-03,Loto Match,7,12,15,21,29,34,9
499,2024-01-03,Loto Desquite,1,25,27,35,40,44,9
500,2024-01-03,Loto Sale o Sale,2,7,8,17,30,40,9
501,2024-01-06,Loto Tradicional,16,27,34,37,39,43,1
502,2024-01-06,Loto Match,1,2,6,17,27,29,1
503,2024-01-06,Loto Desquite,10,16,18,23,24,31,1
504,2024-01-06,Loto Sale o Sale,4,10,11,17,20,41,1
505,2024-01-10,Loto Tradicional,5,12,20,23,32,34,2
506,2024-01-10,Loto Match,7,16,19,20,35,40,2
507,2024-01-10,Loto Desquite,13,14,21,23,31,44,2
508,2024-01-10,Loto Sale o Sale,8,9,14,25,34,38,2
509,2024-01-13,Loto Tradicional,0,10,12,22,28,44,5
510,2024-01-13,Loto Match,11,16,26,29,33,37,5
511,2024-01-13,Loto Desquite,7,9,11,23,33,36,5
512,2024-01-13,Loto Sale o Sale,3,6,14,20,28,37,5
513,2024-01-17,Loto Tradicional,12,28,35,36,44,45,4
514,2024-01-17,Loto Match,5,19,20,24,27,34,4
515,2024-01-17,Loto Desquite,3,24,28,34,36,44,4
516,2024-01-17,Loto Sale o Sale,5,21,24,34,37,44,4
517,2024-01-20,Loto Tradicional,2,3,17,39,40,44,6
518,2024-01-20,Loto Match,2,14,18,25,32,40,6
519,2024-01-20,Loto Desquite,2,18,22,31,32,45,6
520,2024-01-20,Loto Sale o Sale,0,15,23,24,25,45,6
521,2024-01-24,Loto Tradicional,3,6,7,14,22,39,2
522,2024-01-24,Loto Match,11,23,27,28,29,40,2
523,2024-01-24,Loto Desquite,9,13,19,23,32,45,2
524,2024-01-24,Loto Sale o Sale,2,11,21,36,43,45,2
525,2024-01-27,Loto Tradicional,0,5,21,32,42,44,1
526,2024-01-27,Loto Match,3,4,5,26,30,39,1
527,2024-01-27,Loto Desquite,1,4,8,24,33,34,1
528,2024-01-27,Loto Sale o Sale,0,7,11,29,32,40,1
529,2024-01-31,Loto Tradicional,10,12,15,26,37,44,2
530,2024-01-31,Loto Match,7,11,21,30,33,43,2
531,2024-01-31,Loto Desquite,2,11,27,30,40,43,2
532,2024-01-31,Loto Sale o Sale,0,7,10,34,38,44,2
533,2024-02-03,Loto Tradicional,1,3,10,11,22,24,4
534,2024-02-03,Loto Match,6,9,28,30,41,43,4
535,2024-02-03,Loto Desquite,5,8,14,28,32,41,4
536,2024-02-03,Loto Sale o Sale,1,2,7,30,32,40,4
537,2024-02-07,Loto Tradicional,3,11,16,19,20,31,5
538,2024-02-07,Loto Match,0,1,15,30,39,45,5
539,2024-02-07,Loto Desquite,7,9,23,27,39,41,5
540,2024-02-07,Loto Sale o Sale,2,4,8,35,40,42,5
541,2024-02-10,Loto Tradicional,2,17,30,40,42,45,1
542,2024-02-10,Loto Match,3,10,15,26,31,36,1
543,2024-02-10,Loto Desquite,7,17,20,23,37,45,1
544,2024-02-10,Loto Sale o Sale,5,6,10,17,20,42,1
545,2024-02-14,Loto Tradicional,9,15,18,23,25,45,6
546,2024-02-14,Loto Match,3,7,11,20,26,32,6
547,2024-02-14,Loto Desquite,1,2,19,31,40,43,6
548,2024-02-14,Loto Sale o Sale,7,10,12,33,38,40,6
549,2024-02-17,Loto Tradicional,4,13,19,21,30,44,3
550,2024-02-17,Loto Match,20,23,24,34,36,44,3
551,2024-02-17,Loto Desquite,3,12,19,20,38,43,3
552,2024-02-17,Loto Sale o Sale,16,19,24,31,36,39,3
553,2024-02-21,Loto Tradicional,2,5,12,37,40,43,6
554,2024-02-21,Loto Match,6,13,33,39,40,43,6
555,2024-02-21,Loto Desquite,2,6,23,29,36,39,6
556,2024-02-21,Loto Sale o Sale,0,12,15,22,30,43,6
557,2024-02-24,Loto Tradicional,6,20,31,36,42,44,3
558,2024-02-24,Loto Match,11,16,20,30,31,37,3
559,2024-02-24,Loto Desquite,4,22,25,31,34,39,3
560,2024-02-24,Loto Sale o Sale,3,21,31,34,41,42,3
561,2024-02-28,Loto Tradicional,7,18,21,25,29,30,4
562,2024-02-28,Loto Match,10,12,16,17,23,42,4
563,2024-02-28,Loto Desquite,11,19,20,22,23,45,4
564,2024-02-28,Loto Sale o Sale,14,16,18,24,31,37,4
565,2024-03-02,Loto Tradicional,1,2,4,7,22,28,4
566,2024-03-02,Loto Match,16,21,39,40,42,44,4
567,2024-03-02,Loto Desquite,1,4,22,27,33,38,4
568,2024-03-02,Loto Sale o Sale,0,13,26,27,43,45,4
569,2024-03-06,Loto Tradicional,4,26,29,32,35,41,0
570,2024-03-06,Loto Match,3,7,8,13,39,40,0
571,2024-03-06,Loto Desquite,3,22,31,33,36,42,0
572,2024-03-06,Loto Sale o Sale,14,16,23,25,26,44,0
573,2024-03-09,Loto Tradicional,4,8,20,33,38,39,4
574,2024-03-09,Loto Match,1,6,12,18,24,30,4
575,2024-03-09,Loto Desquite,5,11,24,29,37,44,4
576,2024-03-09,Loto Sale o Sale,11,16,33,34,42,44,4
577,2024-03-13,Loto Tradicional,11,13,27,29,33,37,0
578,2024-03-13,Loto Match,2,12,17,20,23,37,0
579,2024-03-13,Loto Desquite,3,8,21,26,39,42,0
580,2024-03-13,Loto Sale o Sale,13,15,18,26,31,39,0
581,2024-03-16,Loto Tradicional,4,9,17,23,39,44,8
582,2024-03-16,Loto Match,4,5,13,15,16,45,8
583,2024-03-16,Loto Desquite,0,3,8,15,16,19,8
584,2024-03-16,Loto Sale o Sale,5,7,11,20,31,37,8
585,2024-03-20,Loto Tradicional,2,8,18,25,30,35,7
586,2024-03-20,Loto Match,1,9,16,19,25,43,7
587,2024-03-20,Loto Desquite,16,19,23,32,36,45,7
588,2024-03-20,Loto Sale o Sale,0,5,21,25,31,36,7
589,2024-03-23,Loto Tradicional,13,23,27,35,37,45,6
590,2024-03-23,Loto Match,10,22,26,37,38,44,6
591,2024-03-23,Loto Desquite,6,7,10,15,17,42,6
592,2024-03-23,Loto Sale o Sale,0,10,20,23,42,44,6
593,2024-03-27,Loto Tradicional,1,7,10,19,22,26,9
594,2024-03-27,Loto Match,4,13,30,31,43,45,9
595,2024-03-27,Loto Desquite,1,2,23,27,39,44,9
596,2024-03-27,Loto Sale o Sale,4,18,23,24,25,40,9
597,2024-03-30,Loto Tradicional,1,6,18,27,36,44,5
598,2024-03-30,Loto Match,9,11,19,22,28,43,5
599,2024-03-30,Loto Desquite,3,14,20,21,23,24,5
600,2024-03-30,Loto Sale o Sale,2,9,15,19,37,43,5
601,2024-04-03,Loto Tradicional,7,20,23,25,26,33,0
602,2024-04-03,Loto Match,4,8,12,23,33,36,0
603,2024-04-03,Loto Desquite,3,9,10,15,25,32,0
604,2024-04-03,Loto Sale o Sale,11,13,27,30,31,34,0
605,2024-04-06,Loto Tradicional,13,15,23,27,41,43,1
606,2024-04-06,Loto Match,22,23,27,31,35,41,1
607,2024-04-06,Loto Desquite,6,16,17,31,37,38,1
608,2024-04-06,Loto Sale o Sale,4,11,18,31,40,44,1
609,2024-04-10,Loto Tradicional,6,18,28,36,39,40,6
610,2024-04-10,Loto Match,2,5,8,23,40,44,6
611,2024-04-10,Loto Desquite,1,8,27,29,40,45,6
612,2024-04-10,Loto Sale o Sale,0,4,8,25,32,38,6
613,2024-04-13,Loto Tradicional,7,11,14,15,18,28,3
614,2024-04-13,Loto Match,5,9,15,32,40,45,3
615,2024-04-13,Loto Desquite,2,15,20,35,38,41,3
616,2024-04-13,Loto Sale o Sale,14,17,26,29,41,45,3
617,2024-04-17,Loto Tradicional,3,4,8,16,20,25,3
618,2024-04-17,Loto Match,9,13,25,31,32,34,3
619,2024-04-17,Loto Desquite,7,12,25,29,33,36,3
620,2024-04-17,Loto Sale o Sale,1,14,30,34,41,45,3
621,2024-04-20,Loto Tradicional,5,21,27,28,30,37,8
622,2024-04-20,Loto Match,7,13,22,28,30,42,8
623,2024-04-20,Loto Desquite,5,7,16,23,25,35,8
624,2024-04-20,Loto Sale o Sale,4,7,10,20,24,44,8
625,2024-04-24,Loto Tradicional,5,12,14,15,16,23,5
626,2024-04-24,Loto Match,5,6,27,37,38,41,5
627,2024-04-24,Loto Desquite,0,20,21,29,36,42,5
628,2024-04-24,Loto Sale o Sale,9,17,29,35,39,40,5
629,2024-04-27,Loto Tradicional,8,9,17,25,36,40,8
630,2024-04-27,Loto Match,0,3,7,23,29,34,8
631,2024-04-27,Loto Desquite,7,11,17,20,29,31,8
632,2024-04-27,Loto Sale o Sale,1,9,27,34,38,45,8
633,2024-04-30,Loto Tradicional,6,12,15,28,41,43,7
634,2024-04-30,Loto Match,0,8,10,12,26,33,7
635,2024-04-30,Loto Desquite,13,20,25,27,30,31,7
636,2024-04-30,Loto Sale o Sale,13,14,22,24,26,39,7
637,2024-05-04,Loto Tradicional,6,9,14,16,18,34,3
638,2024-05-04,Loto Match,5,6,12,25,36,45,3
639,2024-05-04,Loto Desquite,5,10,12,22,32,44,3
640,2024-05-04,Loto Sale o Sale,3,5,15,26,35,39,3
641,2024-05-08,Loto Tradicional,3,14,18,19,21,34,2
642,2024-05-08,Loto Match,9,29,33,36,44,45,2
643,2024-05-08,Loto Desquite,0,9,14,22,33,34,2
644,2024-05-08,Loto Sale o Sale,5,10,19,33,34,43,2
645,2024-05-11,Loto Tradicional,3,4,8,28,29,43,6
646,2024-05-11,Loto Match,11,22,37,39,40,44,6
647,2024-05-11,Loto Desquite,4,5,13,15,22,45,6
648,2024-05-11,Loto Sale o Sale,5,8,16,22,25,37,6
649,2024-05-15,Loto Tradicional,9,13,16,40,43,44,5
650,2024-05-15,Loto Match,0,6,20,37,42,45,5
651,2024-05-15,Loto Desquite,12,18,22,27,31,41,5
652,2024-05-15,Loto Sale o Sale,1,6,9,10,21,44,5
653,2024-05-18,Loto Tradicional,0,19,22,25,39,42,0
654,2024-05-18,Loto Match,8,14,25,30,32,42,0
655,2024-05-18,Loto Desquite,4,8,9,33,34,36,0
656,2024-05-18,Loto Sale o Sale,0,9,13,35,41,42,0
657,2024-05-22,Loto Tradicional,2,18,30,32,42,44,0
658,2024-05-22,Loto Match,7,13,34,40,42,44,0
659,2024-05-22,Loto Desquite,1,10,15,31,39,44,0
660,2024-05-22,Loto Sale o Sale,19,20,28,31,39,43,0
661,2024-05-24,Loto Tradicional,2,19,28,34,37,39,2
662,2024-05-24,Loto Match,0,18,22,25,28,42,2
663,2024-05-24,Loto Desquite,14,20,21,26,39,42,2
664,2024-05-24,Loto Sale o Sale,1,3,10,34,35,41,2
665,2024-05-29,Loto Tradicional,2,15,23,29,35,36,1
666,2024-05-29,Loto Match,0,3,23,31,33,44,1
667,2024-05-29,Loto Desquite,4,12,18,31,38,41,1
668,2024-05-29,Loto Sale o Sale,0,1,19,25,34,44,1
669,2024-06-01,Loto Tradicional,0,22,27,29,33,38,1
670,2024-06-01,Loto Match,7,8,10,25,32,35,1
671,2024-06-01,Loto Desquite,2,7,19,27,32,40,1
672,2024-06-01,Loto Sale o Sale,3,6,11,27,33,37,1
673,2024-06-05,Loto Tradicional,0,8,11,15,33,42,4
674,2024-06-05,Loto Match,5,9,15,33,34,39,4
675,2024-06-05,Loto Desquite,2,4,6,8,20,31,4
676,2024-06-05,Loto Sale o Sale,4,16,20,22,24,38,4
677,2024-06-08,Loto Tradicional,15,23,27,29,41,45,0
678,2024-06-08,Loto Match,9,12,14,19,31,37,0
679,2024-06-08,Loto Desquite,4,5,7,14,35,44,0
680,2024-06-08,Loto Sale o Sale,6,19,31,32,33,36,0
681,2024-06-12,Loto Tradicional,0,14,16,25,31,40,0
682,2024-06-12,Loto Match,1,6,14,18,22,31,0
683,2024-06-12,Loto Desquite,2,6,14,18,27,44,0
684,2024-06-12,Loto Sale o Sale,12,14,16,23,35,44,0
685,2024-06-15,Loto Tradicional,11,14,23,28,34,43,9
686,2024-06-15,Loto Match,1,10,21,36,41,42,9
687,2024-06-15,Loto Desquite,2,17,19,29,40,42,9
688,2024-06-15,Loto Sale o Sale,12,26,27,33,35,43,9
689,2024-06-19,Loto Tradicional,0,3,8,28,43,45,8
690,2024-06-19,Loto Match,0,3,6,15,36,37,8
691,2024-06-19,Loto Desquite,9,19,20,24,33,36,8
692,2024-06-19,Loto Sale o Sale,1,9,10,23,28,30,8
693,2024-06-22,Loto Tradicional,2,8,15,22,23,24,3
694,2024-06-22,Loto Match,0,5,19,34,42,44,3
695,2024-06-22,Loto Desquite,9,11,15,18,21,38,3
696,2024-06-22,Loto Sale o Sale,1,2,12,17,33,45,3
697,2024-06-26,Loto Tradicional,3,15,23,25,35,42,1
698,2024-06-26,Loto Match,23,26,27,29,33,44,1
699,2024-06-26,Loto Desquite,17,26,31,32,33,41,1
700,2024-06-26,Loto Sale o Sale,4,7,10,23,35,38,1
701,2024-06-29,Loto Tradicional,0,15,18,21,39,40,3
702,2024-06-29,Loto Match,2,14,24,31,35,45,3
703,2024-06-29,Loto Desquite,0,25,28,32,41,45,3
704,2024-06-29,Loto Sale o Sale,10,12,13,23,24,34,3
705,2024-07-03,Loto Tradicional,0,17,24,29,36,43,2
706,2024-07-03,Loto Match,3,6,9,15,18,19,2
707,2024-07-03,Loto Desquite,13,18,21,28,29,41,2
708,2024-07-03,Loto Sale o Sale,0,7,17,18,21,27,2
709,2024-07-06,Loto Tradicional,0,5,9,12,22,36,4
710,2024-07-06,Loto Match,6,12,13,15,19,37,4
711,2024-07-06,Loto Desquite,7,12,20,27,33,41,4
712,2024-07-06,Loto Sale o Sale,1,2,26,32,33,45,4
713,2024-07-10,Loto Tradicional,5,6,13,16,24,28,4
714,2024-07-10,Loto Match,7,9,12,28,29,40,4
715,2024-07-10,Loto Desquite,20,23,24,31,33,44,4
716,2024-07-10,Loto Sale o Sale,7,14,18,37,38,44,4
717,2024-07-13,Loto Tradicional,4,18,32,36,40,43,1
718,2024-07-13,Loto Match,4,11,22,24,36,45,1
719,2024-07-13,Loto Desquite,7,13,15,37,38,40,1
720,2024-07-13,Loto Sale o Sale,2,8,10,17,22,34,1
721,2024-07-17,Loto Tradicional,6,9,27,38,40,44,2
722,2024-07-17,Loto Match,4,12,16,26,34,36,2
723,2024-07-17,Loto Desquite,2,6,11,17,19,31,2
724,2024-07-17,Loto Sale o Sale,0,2,5,15,17,31,2
725,2024-07-20,Loto Tradicional,19,25,27,28,31,42,5
726,2024-07-20,Loto Match,10,13,15,27,36,37,5
727,2024-07-20,Loto Desquite,7,10,14,18,38,41,5
728,2024-07-20,Loto Sale o Sale,11,15,23,31,42,45,5
729,2024-07-24,Loto Tradicional,16,25,30,32,37,43,8
730,2024-07-24,Loto Match,6,9,13,17,24,41,8
731,2024-07-24,Loto Desquite,1,4,18,19,30,34,8
732,2024-07-24,Loto Sale o Sale,1,20,32,34,37,45,8
733,2024-07-27,Loto Tradicional,2,8,15,19,30,33,5
734,2024-07-27,Loto Match,3,6,9,17,27,40,5
735,2024-07-27,Loto Desquite,3,5,31,32,35,41,5
736,2024-07-27,Loto Sale o Sale,2,8,14,16,26,36,5
737,2024-07-31,Loto Tradicional,4,7,16,23,35,38,4
738,2024-07-31,Loto Match,3,12,23,25,36,38,4
739,2024-07-31,Loto Desquite,5,20,27,29,36,42,4
740,2024-07-31,Loto Sale o Sale,3,10,12,23,30,41,4
741,2024-08-03,Loto Tradicional,2,3,9,28,31,33,9
742,2024-08-03,Loto Match,2,5,7,18,19,41,9
743,2024-08-03,Loto Desquite,4,5,10,27,28,44,9
744,2024-08-03,Loto Sale o Sale,0,4,5,19,24,26,9
745,2024-08-07,Loto Tradicional,3,37,38,39,43,45,2
746,2024-08-07,Loto Match,1,3,5,14,28,42,2
747,2024-08-07,Loto Desquite,3,12,15,33,43,45,2
748,2024-08-07,Loto Sale o Sale,1,2,3,4,12,17,2
749,2024-08-10,Loto Tradicional,12,14,21,38,43,44,7
750,2024-08-10,Loto Match,4,7,12,33,42,43,7
751,2024-08-10,Loto Desquite,7,12,13,14,20,42,7
752,2024-08-10,Loto Sale o Sale,3,7,8,20,21,40,7
753,2024-08-14,Loto Tradicional,5,13,17,28,39,44,3
754,2024-08-14,Loto Match,8,9,14,33,39,44,3
755,2024-08-14,Loto Desquite,0,14,19,36,39,45,3
756,2024-08-14,Loto Sale o Sale,3,12,17,19,20,39,3
757,2024-08-17,Loto Tradicional,1,5,7,22,27,44,4
758,2024-08-17,Loto Match,9,15,17,21,36,38,4
759,2024-08-17,Loto Desquite,1,3,5,8,13,39,4
760,2024-08-17,Loto Sale o Sale,12,13,22,29,42,44,4
761,2024-08-21,Loto Tradicional,12,19,20,23,32,40,7
762,2024-08-21,Loto Match,20,21,25,30,33,40,7
763,2024-08-21,Loto Desquite,10,20,24,31,42,44,7
764,2024-08-21,Loto Sale o Sale,4,6,14,19,23,40,7
765,2024-08-24,Loto Tradicional,1,9,27,30,35,42,9
766,2024-08-24,Loto Match,8,9,18,26,37,38,9
767,2024-08-24,Loto Desquite,13,28,29,31,35,42,9
768,2024-08-24,Loto Sale o Sale,9,19,27,28,41,42,9
769,2024-08-28,Loto Tradicional,1,8,13,17,23,25,0
770,2024-08-28,Loto Match,0,20,22,27,29,37,0
771,2024-08-28,Loto Desquite,4,14,23,32,34,37,0
772,2024-08-28,Loto Sale o Sale,5,12,15,17,29,35,0
773,2024-08-31,Loto Tradicional,7,12,27,33,43,45,2
774,2024-08-31,Loto Match,0,22,27,29,41,42,2
775,2024-08-31,Loto Desquite,0,2,15,20,27,36,2
776,2024-08-31,Loto Sale o Sale,3,22,25,27,30,32,2
777,2024-09-04,Loto Tradicional,6,10,14,22,23,35,4
778,2024-09-04,Loto Match,13,14,30,31,39,44,4
779,2024-09-04,Loto Desquite,1,8,11,17,38,44,4
780,2024-09-04,Loto Sale o Sale,2,16,17,22,30,42,4
781,2024-09-07,Loto Tradicional,0,19,28,30,34,45,9
782,2024-09-07,Loto Match,7,13,23,29,36,43,9
783,2024-09-07,Loto Desquite,5,14,21,24,26,38,9
784,2024-09-07,Loto Sale o Sale,10,18,25,28,31,41,9
785,2024-09-11,Loto Tradicional,0,1,11,25,36,43,0
786,2024-09-11,Loto Match,1,13,30,33,38,40,0
787,2024-09-11,Loto Desquite,0,18,21,27,31,36,0
788,2024-09-11,Loto Sale o Sale,15,16,19,21,29,40,0
789,2024-09-14,Loto Tradicional,14,31,32,34,40,45,5
790,2024-09-14,Loto Match,3,6,15,33,38,41,5
791,2024-09-14,Loto Desquite,11,15,33,35,36,45,5
792,2024-09-14,Loto Sale o Sale,2,3,7,12,13,26,5
793,2024-09-18,Loto Tradicional,2,4,14,28,30,36,4
794,2024-09-18,Loto Match,31,35,38,40,44,45,4
795,2024-09-18,Loto Desquite,8,14,19,27,37,38,4
796,2024-09-18,Loto Sale o Sale,5,15,19,22,34,41,4
797,2024-09-21,Loto Tradicional,9,21,22,25,32,35,5
798,2024-09-21,Loto Match,0,19,26,29,42,45,5
799,2024-09-21,Loto Desquite,4,24,26,31,33,42,5
800,2024-09-21,Loto Sale o Sale,5,7,24,31,39,45,5
801,2024-09-25,Loto Tradicional,3,11,15,17,39,44,9
802,2024-09-25,Loto Match,14,26,28,29,31,43,9
803,2024-09-25,Loto Desquite,2,5,12,17,22,31,9
804,2024-09-25,Loto Sale o Sale,1,9,15,17,23,41,9
805,2024-09-28,Loto Tradicional,4,12,15,19,22,32,0
806,2024-09-28,Loto Match,5,9,20,21,25,30,0
807,2024-09-28,Loto Desquite,19,20,21,26,39,42,0
808,2024-09-28,Loto Sale o Sale,13,29,30,33,36,37,0
809,2024-10-02,Loto Tradicional,5,8,23,26,30,37,1
810,2024-10-02,Loto Match,0,3,5,12,21,40,1
811,2024-10-02,Loto Desquite,7,10,11,30,34,38,1
812,2024-10-02,Loto Sale o Sale,4,5,9,19,40,43,1
813,2024-10-05,Loto Tradicional,5,9,15,20,24,25,1
814,2024-10-05,Loto Match,0,13,17,33,35,36,1
815,2024-10-05,Loto Desquite,1,2,6,16,22,41,1
816,2024-10-05,Loto Sale o Sale,3,7,19,22,26,33,1
817,2024-10-09,Loto Tradicional,19,23,24,31,33,44,4
818,2024-10-09,Loto Match,13,22,30,32,34,40,4
819,2024-10-09,Loto Desquite,2,5,14,15,38,41,4
820,2024-10-09,Loto Sale o Sale,10,19,22,32,38,43,4
821,2024-10-12,Loto Tradicional,1,8,16,20,37,42,4
822,2024-10-12,Loto Match,1,10,14,18,31,45,4
823,2024-10-12,Loto Desquite,0,6,11,16,36,39,4
824,2024-10-12,Loto Sale o Sale,0,6,17,19,23,33,4
825,2024-10-16,Loto Tradicional,2,12,14,20,30,43,2
826,2024-10-16,Loto Match,1,2,6,29,34,39,2
827,2024-10-16,Loto Desquite,4,14,20,25,29,30,2
828,2024-10-16,Loto Sale o Sale,2,3,5,10,35,36,2
829,2024-10-19,Loto Tradicional,3,8,18,22,39,45,6
830,2024-10-19,Loto Match,4,5,18,28,31,32,6
831,2024-10-19,Loto Desquite,10,25,27,32,34,43,6
832,2024-10-19,Loto Sale o Sale,11,19,22,26,37,40,6
833,2024-10-23,Loto Tradicional,9,13,16,19,26,27,4
834,2024-10-23,Loto Match,1,10,16,17,37,41,4
835,2024-10-23,Loto Desquite,2,6,9,11,20,35,4
836,2024-10-23,Loto Sale o Sale,9,16,26,27,30,37,4
837,2024-10-26,Loto Tradicional,17,19,21,23,24,39,2
838,2024-10-26,Loto Match,3,11,16,24,35,39,2
839,2024-10-26,Loto Desquite,14,28,35,38,43,45,2
840,2024-10-26,Loto Sale o Sale,10,16,18,27,28,42,2
841,2024-10-30,Loto Tradicional,10,26,29,33,36,40,9
842,2024-10-30,Loto Match,6,22,23,24,25,44,9
843,2024-10-30,Loto Desquite,0,8,30,33,41,45,9
844,2024-10-30,Loto Sale o Sale,7,13,23,25,35,36,9
845,2024-11-02,Loto Tradicional,1,6,9,16,23,25,1
846,2024-11-02,Loto Match,6,9,12,18,26,27,1
847,2024-11-02,Loto Desquite,11,14,16,25,32,45,1
848,2024-11-02,Loto Sale o Sale,4,7,8,21,22,25,1
849,2024-11-06,Loto Tradicional,1,4,5,7,10,17,6
850,2024-11-06,Loto Match,9,12,17,25,31,34,6
851,2024-11-06,Loto Desquite,8,12,22,29,34,42,6
852,2024-11-06,Loto Sale o Sale,3,10,22,33,39,43,6
853,2024-11-09,Loto Tradicional,9,14,20,23,32,38,8
854,2024-11-09,Loto Match,3,27,32,40,41,44,8
855,2024-11-09,Loto Desquite,7,9,11,17,20,38,8
856,2024-11-09,Loto Sale o Sale,18,24,29,32,34,36,8
857,2024-11-13,Loto Tradicional,9,16,33,34,35,39,1
858,2024-11-13,Loto Match,0,6,11,22,34,37,1
859,2024-11-13,Loto Desquite,0,10,12,16,31,45,1
860,2024-11-13,Loto Sale o Sale,0,3,6,11,23,41,1
861,2024-11-16,Loto Tradicional,2,9,15,23,35,38,2
862,2024-11-16,Loto Match,2,7,16,24,31,33,2
863,2024-11-16,Loto Desquite,4,25,29,30,40,42,2
864,2024-11-16,Loto Sale o Sale,9,14,16,30,31,34,2
865,2024-11-20,Loto Tradicional,0,6,21,31,39,42,1
866,2024-11-20,Loto Match,5,7,10,17,28,31,1
867,2024-11-20,Loto Desquite,6,12,27,28,32,45,1
868,2024-11-20,Loto Sale o Sale,2,13,21,27,35,44,1
869,2024-11-23,Loto Tradicional,10,23,36,39,40,45,2
870,2024-11-23,Loto Match,5,15,17,18,29,35,2
871,2024-11-23,Loto Desquite,1,6,8,14,30,40,2
872,2024-11-23,Loto Sale o Sale,7,14,18,29,35,43,2
873,2024-11-27,Loto Tradicional,7,9,21,29,35,44,1
874,2024-11-27,Loto Match,1,8,24,31,36,39,1
875,2024-11-27,Loto Desquite,2,13,29,34,36,45,1
876,2024-11-27,Loto Sale o Sale,24,32,38,39,40,43,1
877,2024-11-30,Loto Tradicional,1,5,9,15,21,34,5
878,2024-11-30,Loto Match,8,28,30,34,36,45,5
879,2024-11-30,Loto Desquite,4,15,18,19,35,36,5
880,2024-11-30,Loto Sale o Sale,3,13,16,22,24,44,5
881,2024-12-04,Loto Tradicional,5,9,18,28,42,44,9
882,2024-12-04,Loto Match,10,27,33,36,40,43,9
883,2024-12-04,Loto Desquite,6,11,24,31,35,44,9
884,2024-12-04,Loto Sale o Sale,11,17,20,31,34,39,9
885,2024-12-07,Loto Tradicional,2,3,11,19,25,28,0
886,2024-12-07,Loto Match,7,17,19,35,37,42,0
887,2024-12-07,Loto Desquite,7,11,20,25,27,43,0
888,2024-12-07,Loto Sale o Sale,2,10,19,27,37,41,0
889,2024-12-11,Loto Tradicional,6,7,10,16,36,41,8
890,2024-12-11,Loto Match,7,17,27,30,34,38,8
891,2024-12-11,Loto Desquite,5,7,22,25,36,39,8
892,2024-12-11,Loto Sale o Sale,3,14,24,33,36,39,8
893,2024-12-14,Loto Tradicional,18,24,29,35,40,45,4
894,2024-12-14,Loto Match,0,4,24,26,29,39,4
895,2024-12-14,Loto Desquite,0,2,11,23,29,42,4
896,2024-12-14,Loto Sale o Sale,16,19,22,35,38,39,4
897,2024-12-18,Loto Tradicional,5,23,30,37,40,41,5
898,2024-12-18,Loto Match,5,9,22,33,35,36,5
899,2024-12-18,Loto Desquite,7,11,24,28,37,44,5
900,2024-12-18,Loto Sale o Sale,0,8,12,15,17,40,5
901,2024-12-21,Loto Tradicional,6,10,19,25,28,39,8
902,2024-12-21,Loto Match,7,20,27,28,30,39,8
903,2024-12-21,Loto Desquite,0,7,26,27,34,45,8
904,2024-12-21,Loto Sale o Sale,5,8,22,23,44,45,8
905,2024-12-26,Loto Tradicional,4,5,8,14,32,34,2
906,2024-12-26,Loto Match,17,18,23,25,26,32,2
907,2024-12-26,Loto Desquite,17,20,21,36,39,40,2
908,2024-12-26,Loto Sale o Sale,7,12,27,30,38,42,2
909,2024-12-28,Loto Tradicional,6,14,18,19,28,39,7
910,2024-12-28,Loto Match,14,16,19,34,37,41,7
911,2024-12-28,Loto Desquite,7,12,14,26,27,44,7
912,2024-12-28,Loto Sale o Sale,3,17,20,23,35,36,7
913,2025-01-02,Loto Tradicional,0,16,19,25,32,40,5
914,2025-01-02,Loto Match,1,5,28,32,35,39,5
915,2025-01-02,Loto Desquite,9,10,11,12,16,18,5
916,2025-01-02,Loto Sale o Sale,0,1,14,15,30,36,5
917,2025-01-04,Loto Tradicional,2,15,17,20,43,45,2
918,2025-01-04,Loto Match,1,9,14,16,17,27,2
919,2025-01-04,Loto Desquite,7,15,16,17,25,29,2
920,2025-01-04,Loto Sale o Sale,3,7,28,33,36,39,2
921,2025-01-08,Loto Tradicional,11,12,15,30,36,45,9
922,2025-01-08,Loto Match,11,15,27,32,36,44,9
923,2025-01-08,Loto Desquite,15,18,24,27,32,43,9
924,2025-01-08,Loto Sale o Sale,0,13,16,23,33,42,9
925,2025-01-11,Loto Tradicional,0,18,21,30,39,40,7
926,2025-01-11,Loto Match,3,5,7,15,31,38,7
927,2025-01-11,Loto Desquite,10,13,22,23,28,32,7
928,2025-01-11,Loto Sale o Sale,2,4,21,25,37,45,7
929,2025-01-15,Loto Tradicional,16,17,22,23,29,39,2
930,2025-01-15,Loto Match,1,2,4,21,34,37,2
931,2025-01-15,Loto Desquite,5,6,35,38,40,41,2
932,2025-01-15,Loto Sale o Sale,0,1,5,19,22,32,2
933,2025-01-18,Loto Tradicional,7,13,15,22,36,39,1
934,2025-01-18,Loto Match,0,10,28,31,43,45,1
935,2025-01-18,Loto Desquite,6,10,14,20,24,30,1
936,2025-01-18,Loto Sale o Sale,14,17,22,30,39,45,1
937,2025-01-22,Loto Tradicional,6,7,13,18,31,34,7
938,2025-01-22,Loto Match,1,10,16,27,29,34,7
939,2025-01-22,Loto Desquite,0,2,12,19,33,39,7
940,2025-01-22,Loto Sale o Sale,2,6,16,34,38,39,7
941,2025-01-25,Loto Tradicional,15,17,19,24,32,41,9
942,2025-01-25,Loto Match,1,4,9,12,20,31,9
943,2025-01-25,Loto Desquite,10,14,27,29,33,41,9
944,2025-01-25,Loto Sale o Sale,1,2,17,19,24,39,9
945,2025-01-29,Loto Tradicional,3,12,16,31,33,39,8
946,2025-01-29,Loto Match,8,17,20,21,31,34,8
947,2025-01-29,Loto Desquite,0,9,20,40,42,45,8
948,2025-01-29,Loto Sale o Sale,15,17,21,23,30,38,8
949,2025-02-01,Loto Tradicional,5,10,19,25,32,35,2
950,2025-02-01,Loto Match,4,8,10,15,35,45,2
951,2025-02-01,Loto Desquite,1,4,7,8,24,29,2
952,2025-02-01,Loto Sale o Sale,3,5,9,15,18,19,2
953,2025-02-05,Loto Tradicional,13,30,34,35,39,45,4
954,2025-02-05,Loto Match,9,24,26,36,37,42,4
955,2025-02-05,Loto Desquite,5,12,20,30,32,40,4
956,2025-02-05,Loto Sale o Sale,12,17,18,22,25,31,4
957,2025-02-08,Loto Tradicional,3,18,28,30,34,44,2
958,2025-02-08,Loto Match,0,3,20,21,28,35,2
959,2025-02-08,Loto Desquite,4,7,22,37,43,44,2
960,2025-02-08,Loto Sale o Sale,0,10,23,26,37,41,2
961,2025-02-12,Loto Tradicional,3,4,23,40,42,45,2
962,2025-02-12,Loto Match,10,14,17,35,44,45,2
963,2025-02-12,Loto Desquite,8,9,15,20,36,38,2
964,2025-02-12,Loto Sale o Sale,1,3,11,15,41,42,2
965,2025-02-15,Loto Tradicional,0,4,14,23,36,37,1
966,2025-02-15,Loto Match,16,17,27,30,37,39,1
967,2025-02-15,Loto Desquite,7,23,27,29,42,43,1
968,2025-02-15,Loto Sale o Sale,10,15,32,33,41,42,1
969,2025-02-19,Loto Tradicional,2,22,33,34,39,44,5
970,2025-02-19,Loto Match,8,17,26,31,36,42,5
971,2025-02-19,Loto Desquite,8,18,23,26,32,35,5
972,2025-02-19,Loto Sale o Sale,0,30,32,34,36,44,5
973,2025-02-22,Loto Tradicional,11,15,24,25,32,36,5
974,2025-02-22,Loto Match,5,9,14,21,24,26,5
975,2025-02-22,Loto Desquite,6,13,14,18,28,33,5
976,2025-02-22,Loto Sale o Sale,6,24,34,35,38,39,5
977,2025-02-26,Loto Tradicional,4,11,12,19,26,36,6
978,2025-02-26,Loto Match,3,13,14,33,35,39,6
979,2025-02-26,Loto Desquite,1,6,18,22,33,41,6
980,2025-02-26,Loto Sale o Sale,4,7,19,30,35,37,6
981,2025-03-01,Loto Tradicional,5,12,22,38,43,45,6
982,2025-03-01,Loto Match,4,7,22,41,44,45,6
983,2025-03-01,Loto Desquite,5,13,30,40,41,43,6
984,2025-03-01,Loto Sale o Sale,6,18,26,28,35,36,6
985,2025-03-05,Loto Tradicional,3,5,10,19,29,41,2
986,2025-03-05,Loto Match,2,8,11,16,23,42,2
987,2025-03-05,Loto Desquite,1,8,10,15,27,35,2
988,2025-03-05,Loto Sale o Sale,1,10,21,24,26,42,2
989,2025-03-08,Loto Tradicional,0,19,26,33,43,44,4
990,2025-03-08,Loto Match,0,5,6,13,29,32,4
991,2025-03-08,Loto Desquite,0,21,23,31,33,37,4
992,2025-03-08,Loto Sale o Sale,4,10,14,28,41,42,4
993,2025-03-12,Loto Tradicional,0,5,14,15,26,29,4
994,2025-03-12,Loto Match,8,16,17,19,22,24,4
995,2025-03-12,Loto Desquite,7,17,18,19,31,41,4
996,2025-03-12,Loto Sale o Sale,8,17,18,23,32,41,4
997,2025-03-15,Loto Tradicional,0,6,11,29,30,32,7
998,2025-03-15,Loto Match,0,17,21,24,41,42,7
999,2025-03-15,Loto Desquite,0,12,38,39,40,42,7
1000,2025-03-15,Loto Sale o Sale,11,21,24,25,29,43,7
1001,2025-03-19,Loto Tradicional,1,11,13,17,33,43,9
1002,2025-03-19,Loto Match,6,10,11,13,35,42,9
1003,2025-03-19,Loto Desquite,4,7,15,23,33,44,9
1004,2025-03-19,Loto Sale o Sale,3,5,12,15,22,43,9
1005,2025-03-22,Loto Tradicional,9,29,31,35,39,44,2
1006,2025-03-22,Loto Match,16,20,25,27,35,45,2
1007,2025-03-22,Loto Desquite,14,16,27,34,41,42,2
1008,2025-03-22,Loto Sale o Sale,1,9,11,14,18,41,2
1009,2025-03-26,Loto Tradicional,12,26,35,38,41,44,9
1010,2025-03-26,Loto Match,4,6,16,36,40,44,9
1011,2025-03-26,Loto Desquite,9,26,30,31,42,45,9
1012,2025-03-26,Loto Sale o Sale,3,12,17,20,44,45,9
1013,2025-03-29,Loto Tradicional,4,8,19,20,36,38,2
1014,2025-03-29,Loto Match,5,7,21,25,35,43,2
1015,2025-03-29,Loto Desquite,1,6,19,22,24,43,2
1016,2025-03-29,Loto Sale o Sale,3,6,11,23,26,32,2
1017,2025-04-03,Loto Tradicional,13,26,35,39,40,45,3
1018,2025-04-03,Loto Match,0,10,22,33,34,43,3
1019,2025-04-03,Loto Desquite,1,3,8,18,32,42,3
1020,2025-04-03,Loto Sale o Sale,3,9,14,18,20,40,3
1021,2025-04-05,Loto Tradicional,6,15,31,34,38,44,7
1022,2025-04-05,Loto Match,6,15,26,30,34,37,7
1023,2025-04-05,Loto Desquite,5,6,9,26,32,34,7
1024,2025-04-05,Loto Sale o Sale,5,6,23,25,28,37,7
1025,2025-04-09,Loto Tradicional,7,13,25,29,32,44,8
1026,2025-04-09,Loto Match,2,5,13,23,31,34,8
1027,2025-04-09,Loto Desquite,2,5,10,17,20,40,8
1028,2025-04-09,Loto Sale o Sale,0,2,16,23,26,40,8
1029,2025-04-12,Loto Tradicional,1,6,29,34,38,44,4
1030,2025-04-12,Loto Match,19,21,22,35,36,40,4
1031,2025-04-12,Loto Desquite,17,18,20,27,30,35,4
1032,2025-04-12,Loto Sale o Sale,0,7,8,12,13,44,4
1033,2025-04-16,Loto Tradicional,9,11,25,34,38,45,8
1034,2025-04-16,Loto Match,2,16,33,36,42,45,8
1035,2025-04-16,Loto Desquite,1,4,5,9,14,28,8
1036,2025-04-16,Loto Sale o Sale,13,25,33,35,42,43,8
1037,2025-04-19,Loto Tradicional,5,11,28,32,34,45,9
1038,2025-04-19,Loto Match,2,5,24,29,37,41,9
1039,2025-04-19,Loto Desquite,2,8,14,27,29,36,9
1040,2025-04-19,Loto Sale o Sale,2,7,20,24,32,38,9
1041,2025-04-23,Loto Tradicional,0,1,7,14,29,33,0
1042,2025-04-23,Loto Match,3,7,16,20,29,41,0
1043,2025-04-23,Loto Desquite,4,9,11,18,24,32,0
1044,2025-04-23,Loto Sale o Sale,1,5,6,32,36,43,0
1045,2025-04-26,Loto Tradicional,2,8,11,19,20,32,8
1046,2025-04-26,Loto Match,1,12,13,23,34,45,8
1047,2025-04-26,Loto Desquite,0,2,21,28,37,41,8
1048,2025-04-26,Loto Sale o Sale,9,12,13,20,24,26,8
1049,2025-04-30,Loto Tradicional,0,12,13,25,28,33,6
1050,2025-04-30,Loto Match,3,20,30,33,37,41,6
1051,2025-04-30,Loto Desquite,8,20,25,33,35,40,6
1052,2025-04-30,Loto Sale o Sale,15,20,22,30,31,32,6
1053,2025-05-03,Loto Tradicional,2,8,11,12,28,32,9
1054,2025-05-03,Loto Match,2,7,13,17,25,34,9
1055,2025-05-03,Loto Desquite,0,7,14,17,38,45,9
1056,2025-05-03,Loto Sale o Sale,4,5,26,30,38,45,9
1057,2025-05-07,Loto Tradicional,3,21,29,31,41,43,4
1058,2025-05-07,Loto Match,17,25,26,32,38,42,4
1059,2025-05-07,Loto Desquite,6,7,23,34,39,43,4
1060,2025-05-07,Loto Sale o Sale,3,18,24,32,33,43,4
1061,2025-05-10,Loto Tradicional,4,20,23,24,25,29,8
1062,2025-05-10,Loto Match,9,11,24,32,38,40,8
1063,2025-05-10,Loto Desquite,0,4,14,17,18,38,8
1064,2025-05-10,Loto Sale o Sale,4,11,15,28,33,36,8
1065,2025-05-14,Loto Tradicional,7,16,17,26,32,43,7
1066,2025-05-14,Loto Match,13,15,21,27,34,40,7
1067,2025-05-14,Loto Desquite,1,3,11,12,25,34,7
1068,2025-05-14,Loto Sale o Sale,0,7,38,39,42,45,7
1069,2025-05-17,Loto Tradicional,10,15,23,27,40,43,6
1070,2025-05-17,Loto Match,0,14,20,32,38,42,6
1071,2025-05-17,Loto Desquite,7,11,15,17,21,34,6
1072,2025-05-17,Loto Sale o Sale,6,14,20,28,38,39,6
1073,2025-05-21,Loto Tradicional,15,18,25,32,37,41,5
1074,2025-05-21,Loto Match,8,10,26,27,39,44,5
1075,2025-05-21,Loto Desquite,7,15,34,38,41,44,5
1076,2025-05-21,Loto Sale o Sale,0,17,21,27,35,44,5
1077,2025-05-24,Loto Tradicional,20,21,24,27,29,41,7
1078,2025-05-24,Loto Match,2,8,14,24,33,43,7
1079,2025-05-24,Loto Desquite,7,8,16,18,32,44,7
1080,2025-05-24,Loto Sale o Sale,6,12,19,40,44,45,7
1081,2025-05-28,Loto Tradicional,0,2,3,12,15,45,2
1082,2025-05-28,Loto Match,7,13,17,18,28,30,2
1083,2025-05-28,Loto Desquite,6,19,24,32,35,43,2
1084,2025-05-28,Loto Sale o Sale,2,9,12,28,30,43,2
1085,2025-05-31,Loto Tradicional,1,2,7,9,27,36,3
1086,2025-05-31,Loto Match,0,5,21,31,34,42,3
1087,2025-05-31,Loto Desquite,9,14,28,31,37,41,3
1088,2025-05-31,Loto Sale o Sale,0,16,21,28,33,40,3
1089,2025-06-04,Loto Tradicional,0,1,6,12,43,45,1
1090,2025-06-04,Loto Match,3,5,18,25,33,42,1
1091,2025-06-04,Loto Desquite,1,13,15,24,30,45,1
1092,2025-06-04,Loto Sale o Sale,1,6,17,21,35,44,1
1093,2025-06-07,Loto Tradicional,4,11,19,26,39,44,9
1094,2025-06-07,Loto Match,13,15,39,41,42,45,9
1095,2025-06-07,Loto Desquite,4,18,23,28,32,44,9
1096,2025-06-07,Loto Sale o Sale,2,17,23,29,41,44,9
1097,2025-06-11,Loto Tradicional,2,5,11,15,36,44,0
1098,2025-06-11,Loto Match,1,13,23,29,33,35,0
1099,2025-06-11,Loto Desquite,11,16,19,24,34,44,0
1100,2025-06-11,Loto Sale o Sale,0,7,11,12,24,30,0
1101,2025-06-14,Loto Tradicional,9,17,30,34,37,45,4
1102,2025-06-14,Loto Match,4,22,25,38,39,42,4
1103,2025-06-14,Loto Desquite,0,14,15,27,29,44,4
1104,2025-06-14,Loto Sale o Sale,4,7,20,24,30,35,4
1105,2025-06-18,Loto Tradicional,13,24,41,43,44,45,3
1106,2025-06-18,Loto Match,15,26,27,40,41,43,3
1107,2025-06-18,Loto Desquite,8,13,15,22,24,28,3
1108,2025-06-18,Loto Sale o Sale,7,10,12,23,25,37,3
1109,2025-06-21,Loto Tradicional,21,22,23,25,39,43,6
1110,2025-06-21,Loto Match,13,20,25,27,32,36,6
1111,2025-06-21,Loto Desquite,5,7,24,27,37,38,6
1112,2025-06-21,Loto Sale o Sale,1,5,12,17,31,35,6
1113,2025-06-25,Loto Tradicional,5,8,12,30,36,45,1
1114,2025-06-25,Loto Match,12,20,23,38,43,44,1
1115,2025-06-25,Loto Desquite,5,12,19,21,27,43,1
1116,2025-06-25,Loto Sale o Sale,7,12,28,35,39,40,1
1117,2025-06-28,Loto Tradicional,18,28,36,37,38,45,7
1118,2025-06-28,Loto Match,14,15,21,29,30,36,7
1119,2025-06-28,Loto Desquite,2,8,10,19,35,39,7
1120,2025-06-28,Loto Sale o Sale,17,18,25,31,33,38,7
1121,2025-07-02,Loto Tradicional,7,21,27,31,42,45,2
1122,2025-07-02,Loto Match,2,5,14,28,29,30,2
1123,2025-07-02,Loto Desquite,4,18,20,38,44,45,2
1124,2025-07-02,Loto Sale o Sale,4,27,30,36,39,45,2
1125,2025-07-05,Loto Tradicional,3,8,20,32,39,41,1
1126,2025-07-05,Loto Match,1,7,12,22,33,39,1
1127,2025-07-05,Loto Desquite,4,6,23,25,29,34,1
1128,2025-07-05,Loto Sale o Sale,14,15,25,37,38,39,1
1129,2025-07-10,Loto Tradicional,8,16,24,28,35,44,3
1130,2025-07-10,Loto Match,17,18,20,27,30,35,3
1131,2025-07-10,Loto Desquite,4,16,17,18,21,25,3
1132,2025-07-10,Loto Sale o Sale,13,15,18,21,27,34,3
1133,2025-07-12,Loto Tradicional,2,6,14,26,34,44,1
1134,2025-07-12,Loto Match,11,12,36,38,40,43,1
1135,2025-07-12,Loto Desquite,4,10,19,20,21,35,1
1136,2025-07-12,Loto Sale o Sale,1,6,11,15,32,42,1
1137,2025-07-16,Loto Tradicional,2,7,16,33,35,36,1
1138,2025-07-16,Loto Match,13,21,38,43,44,45,1
1139,2025-07-16,Loto Desquite,1,22,26,27,35,44,1
1140,2025-07-16,Loto Sale o Sale,3,4,19,25,27,39,1
1141,2025-07-19,Loto Tradicional,2,3,13,18,38,40,5
1142,2025-07-19,Loto Match,6,11,25,36,37,43,5
1143,2025-07-19,Loto Desquite,13,14,23,27,32,42,5
1144,2025-07-19,Loto Sale o Sale,9,14,15,20,33,45,5
1145,2025-07-23,Loto Tradicional,2,17,26,27,30,32,2
1146,2025-07-23,Loto Match,19,20,22,23,32,38,2
1147,2025-07-23,Loto Desquite,3,14,16,24,42,43,2
1148,2025-07-23,Loto Sale o Sale,2,5,30,35,36,42,2
1149,2025-07-26,Loto Tradicional,1,14,16,17,19,30,3
1150,2025-07-26,Loto Match,2,28,29,31,37,40,3
1151,2025-07-26,Loto Desquite,5,10,20,29,33,44,3
1152,2025-07-26,Loto Sale o Sale,11,14,30,38,44,45,3
1153,2025-07-30,Loto Tradicional,4,8,11,19,39,44,0
1154,2025-07-30,Loto Match,5,7,19,23,34,40,0
1155,2025-07-30,Loto Desquite,3,25,29,31,34,41,0
1156,2025-07-30,Loto Sale o Sale,2,4,24,30,34,39,0
1157,2025-08-02,Loto Tradicional,17,21,22,32,34,43,6
1158,2025-08-02,Loto Match,16,19,32,39,43,44,6
1159,2025-08-02,Loto Desquite,4,8,21,24,44,45,6
1160,2025-08-02,Loto Sale o Sale,8,16,17,21,27,43,6
1161,2025-08-06,Loto Tradicional,9,14,24,26,35,39,5
1162,2025-08-06,Loto Match,6,9,10,14,24,32,5
1163,2025-08-06,Loto Desquite,11,22,31,35,37,38,5
1164,2025-08-06,Loto Sale o Sale,1,3,5,11,26,28,5
1165,2025-08-09,Loto Tradicional,5,8,13,20,22,31,3
1166,2025-08-09,Loto Match,0,14,16,19,40,41,3
1167,2025-08-09,Loto Desquite,16,24,33,35,36,43,3
1168,2025-08-09,Loto Sale o Sale,24,31,37,39,40,45,3
1169,2025-08-13,Loto Tradicional,7,9,17,22,31,34,2
1170,2025-08-13,Loto Match,4,8,20,26,37,38,2
1171,2025-08-13,Loto Desquite,3,8,21,31,42,45,2
1172,2025-08-13,Loto Sale o Sale,4,6,12,21,25,28,2
1173,2025-08-16,Loto Tradicional,13,16,20,29,30,33,5
1174,2025-08-16,Loto Match,2,5,9,37,38,39,5
1175,2025-08-16,Loto Desquite,4,7,13,16,33,44,5
1176,2025-08-16,Loto Sale o Sale,1,3,7,18,29,33,5
1177,2025-08-20,Loto Tradicional,0,16,21,23,25,34,2
1178,2025-08-20,Loto Match,4,11,16,18,31,40,2
1179,2025-08-20,Loto Desquite,4,10,12,18,19,43,2
1180,2025-08-20,Loto Sale o Sale,9,12,21,26,28,35,2
1181,2025-08-23,Loto Tradicional,9,13,18,20,27,41,9
1182,2025-08-23,Loto Match,5,17,19,21,27,35,9
1183,2025-08-23,Loto Desquite,1,5,24,28,35,37,9
1184,2025-08-23,Loto Sale o Sale,19,21,23,26,36,40,9
1185,2025-08-27,Loto Tradicional,15,17,22,24,30,35,3
1186,2025-08-27,Loto Match,0,12,15,16,17,33,3
1187,2025-08-27,Loto Desquite,3,8,19,24,29,38,3
1188,2025-08-27,Loto Sale o Sale,7,13,23,35,43,45,3
1189,2025-08-30,Loto Tradicional,12,13,14,22,33,40,3
1190,2025-08-30,Loto Match,3,7,11,21,27,41,3
1191,2025-08-30,Loto Desquite,16,17,21,26,30,40,3
1192,2025-08-30,Loto Sale o Sale,2,16,24,27,28,35,3
1193,2025-09-03,Loto Tradicional,1,2,22,34,43,44,6
1194,2025-09-03,Loto Match,0,20,25,30,42,44,6
1195,2025-09-03,Loto Desquite,4,24,27,28,31,39,6
1196,2025-09-03,Loto Sale o Sale,8,20,22,24,32,35,6
1197,2025-09-06,Loto Tradicional,0,5,9,22,23,31,9
1198,2025-09-06,Loto Match,1,16,25,28,35,41,9
1199,2025-09-06,Loto Desquite,0,4,14,30,34,39,9
1200,2025-09-06,Loto Sale o Sale,4,5,14,15,26,40,9
1201,2025-09-10,Loto Tradicional,4,19,32,36,39,45,7
1202,2025-09-10,Loto Match,15,17,18,20,25,26,7
1203,2025-09-10,Loto Desquite,9,21,31,37,38,39,7
1204,2025-09-10,Loto Sale o Sale,12,21,23,26,31,39,7
1205,2025-09-13,Loto Tradicional,5,11,12,16,26,43,4
1206,2025-09-13,Loto Match,0,2,4,32,42,44,4
1207,2025-09-13,Loto Desquite,13,18,20,29,32,44,4
1208,2025-09-13,Loto Sale o Sale,2,14,28,33,36,43,4
1209,2025-09-17,Loto Tradicional,9,14,15,24,25,42,9
1210,2025-09-17,Loto Match,1,9,11,21,26,44,9
1211,2025-09-17,Loto Desquite,2,3,15,16,30,35,9
1212,2025-09-17,Loto Sale o Sale,4,9,13,31,33,39,9
1213,2025-09-20,Loto Tradicional,0,2,7,8,18,34,6
1214,2025-09-20,Loto Match,1,13,14,16,20,28,6
1215,2025-09-20,Loto Desquite,9,12,16,23,42,43,6
1216,2025-09-20,Loto Sale o Sale,17,27,35,37,41,42,6
1217,2025-09-24,Loto Tradicional,6,22,29,36,38,42,2
1218,2025-09-24,Loto Match,0,3,35,37,39,45,2
1219,2025-09-24,Loto Desquite,9,16,20,21,35,39,2
1220,2025-09-24,Loto Sale o Sale,4,6,8,23,26,39,2
1221,2025-09-27,Loto Tradicional,7,21,27,38,39,44,9
1222,2025-09-27,Loto Match,19,22,25,39,41,43,9
1223,2025-09-27,Loto Desquite,1,14,24,27,39,44,9
1224,2025-09-27,Loto Sale o Sale,0,10,16,21,27,44,9
1225,2025-10-01,Loto Tradicional,3,5,20,23,38,45,0
1226,2025-10-01,Loto Match,14,19,25,36,37,42,0
1227,2025-10-01,Loto Desquite,0,21,29,33,36,43,0
1228,2025-10-01,Loto Sale o Sale,8,16,17,27,32,40,0
1229,2025-10-04,Loto Tradicional,2,16,23,32,33,45,2
1230,2025-10-04,Loto Match,2,28,30,31,42,45,2
1231,2025-10-04,Loto Desquite,2,6,28,29,35,44,2
1232,2025-10-04,Loto Sale o Sale,0,3,8,21,30,35,2
1233,2025-10-08,Loto Tradicional,8,25,39,40,42,44,2
1234,2025-10-08,Loto Match,2,22,23,27,34,40,2
1235,2025-10-08,Loto Desquite,0,5,11,15,22,27,2
1236,2025-10-08,Loto Sale o Sale,10,16,17,23,37,39,2
1237,2025-10-11,Loto Tradicional,5,7,18,22,24,31,7
1238,2025-10-11,Loto Match,0,11,21,24,33,43,7
1239,2025-10-11,Loto Desquite,7,11,13,17,37,43,7
1240,2025-10-11,Loto Sale o Sale,3,8,18,25,29,42,7
1241,2025-10-15,Loto Tradicional,2,9,11,25,39,43,8
1242,2025-10-15,Loto Match,4,9,16,23,31,43,8
1243,2025-10-15,Loto Desquite,7,11,12,33,34,35,8
1244,2025-10-15,Loto Sale o Sale,4,9,14,31,39,42,8
1245,2025-10-18,Loto Tradicional,2,8,10,31,35,43,7
1246,2025-10-18,Loto Match,3,4,12,21,25,38,7
1247,2025-10-18,Loto Desquite,4,10,23,32,35,37,7
1248,2025-10-18,Loto Sale o Sale,0,9,17,26,33,40,7
1249,2025-10-22,Loto Tradicional,11,18,34,35,36,40,3
1250,2025-10-22,Loto Match,3,4,5,11,13,42,3
1251,2025-10-22,Loto Desquite,4,10,20,30,36,42,3
1252,2025-10-22,Loto Sale o Sale,3,15,17,28,37,45,3
1253,2025-10-25,Loto Tradicional,4,12,16,18,39,44,1
1254,2025-10-25,Loto Match,8,11,20,23,26,39,1
1255,2025-10-25,Loto Desquite,4,16,25,27,28,37,1
1256,2025-10-25,Loto Sale o Sale,22,27,33,34,40,41,1
1257,2025-10-29,Loto Tradicional,1,20,29,34,35,40,1
1258,2025-10-29,Loto Match,1,4,8,11,29,39,1
1259,2025-10-29,Loto Desquite,0,9,10,28,35,39,1
1260,2025-10-29,Loto Sale o Sale,2,4,5,26,33,41,1
1261,2025-11-01,Loto Tradicional,5,8,16,18,24,36,6
1262,2025-11-01,Loto Match,16,18,35,38,40,41,6
1263,2025-11-01,Loto Desquite,2,11,23,33,35,42,6
1264,2025-11-01,Loto Sale o Sale,4,19,22,26,32,37,6
1265,2025-11-05,Loto Tradicional,1,19,22,26,28,32,7
1266,2025-11-05,Loto Match,11,12,16,28,38,40,7
1267,2025-11-05,Loto Desquite,12,20,23,33,35,43,7
1268,2025-11-05,Loto Sale o Sale,2,3,12,21,33,41,7
1269,2025-11-08,Loto Tradicional,0,3,21,28,37,38,6
1270,2025-11-08,Loto Match,2,5,10,25,27,36,6
1271,2025-11-08,Loto Desquite,11,15,16,19,34,37,6
1272,2025-11-08,Loto Sale o Sale,3,8,11,34,37,41,6
1273,2025-11-12,Loto Tradicional,3,4,12,13,14,18,7
1274,2025-11-12,Loto Match,1,10,21,33,34,44,7
1275,2025-11-12,Loto Desquite,5,8,11,35,41,44,7
1276,2025-11-12,Loto Sale o Sale,4,5,11,25,27,35,7
1277,2025-11-15,Loto Tradicional,8,10,14,15,34,39,9
1278,2025-11-15,Loto Match,4,13,18,21,33,34,9
1279,2025-11-15,Loto Desquite,6,7,26,28,29,38,9
1280,2025-11-15,Loto Sale o Sale,7,8,29,39,42,44,9
1281,2025-11-19,Loto Tradicional,12,13,19,30,33,40,3
1282,2025-11-19,Loto Match,5,10,15,26,38,41,3
1283,2025-11-19,Loto Desquite,0,9,10,13,19,42,3
1284,2025-11-19,Loto Sale o Sale,7,14,38,41,44,45,3
1285,2025-11-22,Loto Tradicional,8,11,17,21,24,45,3
1286,2025-11-22,Loto Match,7,8,15,17,37,40,3
1287,2025-11-22,Loto Desquite,23,36,37,39,42,44,3
1288,2025-11-22,Loto Sale o Sale,11,12,18,22,39,43,3
1289,2025-11-26,Loto Tradicional,4,11,14,17,32,36,1
1290,2025-11-26,Loto Match,0,8,9,12,20,42,1
1291,2025-11-26,Loto Desquite,3,4,28,29,35,37,1
1292,2025-11-26,Loto Sale o Sale,1,14,25,30,33,43,1
1293,2025-11-29,Loto Tradicional,2,13,18,27,43,44,5
1294,2025-11-29,Loto Match,0,4,9,17,27,29,5
1295,2025-11-29,Loto Desquite,8,11,12,13,14,21,5
1296,2025-11-29,Loto Sale o Sale,8,19,24,25,28,43,5
1297,2025-12-03,Loto Tradicional,9,21,28,32,35,45,3
1298,2025-12-03,Loto Match,4,7,18,40,41,44,3
1299,2025-12-03,Loto Desquite,10,17,20,21,24,30,3
1300,2025-12-03,Loto Sale o Sale,10,16,17,26,33,38,3
1301,2025-12-06,Loto Tradicional,3,6,26,28,31,41,7
1302,2025-12-06,Loto Match,1,2,24,29,32,39,7
1303,2025-12-06,Loto Desquite,3,8,9,12,40,45,7
1304,2025-12-06,Loto Sale o Sale,0,19,24,33,35,44,7
1305,2025-12-10,Loto Tradicional,3,4,23,36,40,44,7
1306,2025-12-10,Loto Match,3,23,28,29,39,42,7
1307,2025-12-10,Loto Desquite,1,3,29,32,34,42,7
1308,2025-12-10,Loto Sale o Sale,7,23,26,27,34,42,7
1309,2025-12-13,Loto Tradicional,2,6,9,11,27,40,4
1310,2025-12-13,Loto Match,1,4,14,16,27,40,4
1311,2025-12-13,Loto Desquite,6,7,29,35,37,41,4
1312,2025-12-13,Loto Sale o Sale,8,12,15,28,34,36,4
1313,2025-12-17,Loto Tradicional,13,15,18,19,42,44,0
1314,2025-12-17,Loto Match,9,13,20,21,25,33,0
1315,2025-12-17,Loto Desquite,13,23,28,41,42,43,0
1316,2025-12-17,Loto Sale o Sale,2,8,13,14,25,40,0
1317,2025-12-20,Loto Tradicional,4,6,8,16,29,34,3
1318,2025-12-20,Loto Match,6,23,25,28,34,40,3
1319,2025-12-20,Loto Desquite,7,9,20,25,31,45,3
1320,2025-12-20,Loto Sale o Sale,12,15,16,24,34,37,3
1321,2025-12-23,Loto Tradicional,3,8,9,10,30,34,5
1322,2025-12-23,Loto Match,10,24,26,31,34,38,5
1323,2025-12-23,Loto Desquite,4,5,11,13,18,19,5
1324,2025-12-23,Loto Sale o Sale,12,17,27,34,35,37,5
1325,2025-12-27,Loto Tradicional,6,11,24,34,38,42,8
1326,2025-12-27,Loto Match,15,23,27,31,35,44,8
1327,2025-12-27,Loto Desquite,3,11,15,18,27,38,8
1328,2025-12-27,Loto Sale o Sale,4,7,17,32,40,44,8
1329,2025-12-30,Loto Tradicional,9,14,31,33,36,40,8
1330,2025-12-30,Loto Match,6,16,28,34,38,42,8
1331,2025-12-30,Loto Desquite,4,10,18,19,22,35,8
1332,2025-12-30,Loto Sale o Sale,7,10,18,23,30,31,8
1333,2026-01-03,Loto Tradicional,7,17,23,29,31,44,8
1334,2026-01-03,Loto Match,5,6,9,21,29,35,8
1335,2026-01-03,Loto Desquite,8,9,13,25,34,43,8
1336,2026-01-03,Loto Sale o Sale,5,9,23,24,28,45,8
1337,2026-01-07,Loto Tradicional,10,23,36,40,43,44,5
1338,2026-01-07,Loto Match,26,28,29,36,39,40,5
1339,2026-01-07,Loto Desquite,0,1,19,26,32,34,5
1340,2026-01-07,Loto Sale o Sale,2,22,24,30,31,45,5
1341,2026-01-10,Loto Tradicional,15,18,19,35,40,42,7
1342,2026-01-10,Loto Match,0,6,10,27,35,44,7
1343,2026-01-10,Loto Desquite,0,6,18,20,29,43,7
1344,2026-01-10,Loto Sale o Sale,2,19,31,36,38,42,7
1345,2026-01-14,Loto Tradicional,2,7,13,15,28,45,3
1346,2026-01-14,Loto Match,5,9,17,20,29,45,3
1347,2026-01-14,Loto Desquite,0,1,28,36,42,43,3
1348,2026-01-14,Loto Sale o Sale,8,26,27,33,39,41,3
1349,2026-01-17,Loto Tradicional,11,14,16,24,34,35,7
1350,2026-01-17,Loto Match,8,27,32,38,41,42,7
1351,2026-01-17,Loto Desquite,7,11,23,31,35,41,7
1352,2026-01-17,Loto Sale o Sale,5,13,21,32,33,43,7
1353,2026-01-21,Loto Tradicional,5,15,29,39,41,45,5
1354,2026-01-21,Loto Match,5,16,24,34,39,40,5
1355,2026-01-21,Loto Desquite,3,12,29,31,37,40,5
1356,2026-01-21,Loto Sale o Sale,2,8,20,21,36,41,5
1357,2026-01-24,Loto Tradicional,7,14,26,30,33,38,7
1358,2026-01-24,Loto Match,11,22,23,25,26,38,7
1359,2026-01-24,Loto Desquite,2,26,29,30,32,44,7
1360,2026-01-24,Loto Sale o Sale,10,13,21,24,29,39,7
1361,2026-01-28,Loto Tradicional,11,12,17,27,35,41,4
1362,2026-01-28,Loto Match,6,7,9,18,33,41,4
1363,2026-01-28,Loto Desquite,13,17,18,22,26,45,4
1364,2026-01-28,Loto Sale o Sale,5,9,31,32,38,44,4
1365,2026-01-31,Loto Tradicional,16,19,20,22,37,39,6
1366,2026-01-31,Loto Match,7,18,21,25,27,36,6
1367,2026-01-31,Loto Desquite,3,12,14,17,23,44,6
1368,2026-01-31,Loto Sale o Sale,4,14,22,27,36,38,6
1369,2026-02-04,Loto Tradicional,12,14,16,23,39,45,4
1370,2026-02-04,Loto Match,1,23,27,31,42,44,4
1371,2026-02-04,Loto Desquite,17,24,25,28,29,36,4
1372,2026-02-04,Loto Sale o Sale,0,2,21,22,41,45,4
1373,2026-02-07,Loto Tradicional,0,5,11,13,26,30,1
1374,2026-02-07,Loto Match,2,13,23,29,33,36,1
1375,2026-02-07,Loto Desquite,0,15,29,34,35,42,1
1376,2026-02-07,Loto Sale o Sale,3,13,23,24,35,44,1
1377,2026-02-11,Loto Tradicional,7,21,28,34,36,40,6
1378,2026-02-11,Loto Match,15,17,24,25,34,40,6
1379,2026-02-11,Loto Desquite,2,19,28,29,30,37,6
1380,2026-02-11,Loto Sale o Sale,6,28,33,38,39,40,6
1381,2026-02-14,Loto Tradicional,2,15,24,32,42,45,9
1382,2026-02-14,Loto Match,9,10,13,24,44,45,9
1383,2026-02-14,Loto Desquite,0,3,24,26,28,44,9
1384,2026-02-14,Loto Sale o Sale,22,28,30,32,41,45,9
1385,2026-02-18,Loto Tradicional,0,5,16,21,39,41,7
1386,2026-02-18,Loto Match,9,15,16,29,37,43,7
1387,2026-02-18,Loto Desquite,5,8,22,23,28,33,7
1388,2026-02-18,Loto Sale o Sale,10,14,29,32,42,43,7
1389,2026-02-21,Loto Tradicional,3,7,9,23,35,37,1
1390,2026-02-21,Loto Match,6,11,17,18,20,33,1
1391,2026-02-21,Loto Desquite,0,3,6,7,15,33,1
1392,2026-02-21,Loto Sale o Sale,22,30,31,32,34,35,1
1393,2026-02-25,Loto Tradicional,4,8,20,31,35,38,7
1394,2026-02-25,Loto Match,0,6,24,29,34,45,7
1395,2026-02-25,Loto Desquite,0,1,10,28,42,44,7
1396,2026-02-25,Loto Sale o Sale,7,8,11,20,30,32,7
1397,2026-02-28,Loto Tradicional,3,4,5,12,27,34,1
1398,2026-02-28,Loto Match,4,20,26,27,32,44,1
1399,2026-02-28,Loto Desquite,5,11,13,19,36,39,1
1400,2026-02-28,Loto Sale o Sale,6,8,13,19,26,35,1
1401,2026-03-04,Loto Tradicional,3,7,11,17,39,44,0
1402,2026-03-04,Loto Match,18,28,29,34,35,41,0
1403,2026-03-04,Loto Desquite,1,24,30,33,35,37,0
1404,2026-03-04,Loto Sale o Sale,1,6,10,12,14,38,0
1405,2026-03-07,Loto Tradicional,0,10,13,25,33,38,9
1406,2026-03-07,Loto Match,0,18,24,27,31,39,9
1407,2026-03-07,Loto Desquite,0,7,8,10,24,31,9
1408,2026-03-07,Loto Sale o Sale,7,13,18,20,32,38,9
1409,2026-03-11,Loto Tradicional,14,15,26,34,39,45,9
1410,2026-03-11,Loto Match,0,1,4,8,16,45,9
1411,2026-03-11,Loto Desquite,14,17,21,27,43,44,9
1412,2026-03-11,Loto Sale o Sale,2,7,20,32,39,40,9
1413,2026-03-14,Loto Tradicional,12,28,33,37,38,44,8
1414,2026-03-14,Loto Match,0,1,9,20,24,40,8
1415,2026-03-14,Loto Desquite,2,7,10,26,36,42,8
1416,2026-03-14,Loto Sale o Sale,14,19,25,30,36,41,8
1417,2026-03-18,Loto Tradicional,2,7,20,28,33,34,4
1418,2026-03-18,Loto Match,11,22,31,33,34,43,4
1419,2026-03-18,Loto Desquite,2,3,5,7,38,43,4
1420,2026-03-18,Loto Sale o Sale,1,23,27,29,34,37,4
1421,2026-03-21,Loto Tradicional,3,8,10,27,33,34,8
1422,2026-03-21,Loto Match,0,10,13,37,43,45,8
1423,2026-03-21,Loto Desquite,6,14,16,19,21,23,8
1424,2026-03-21,Loto Sale o Sale,4,7,11,22,39,45,8
1425,2026-03-25,Loto Tradicional,4,20,33,38,43,45,1
1426,2026-03-25,Loto Match,9,16,21,31,40,45,1
1427,2026-03-25,Loto Desquite,2,3,11,15,25,37,1
1428,2026-03-25,Loto Sale o Sale,7,13,17,23,37,44,1
1429,2026-03-28,Loto Tradicional,2,6,7,32,39,44,3
1430,2026-03-28,Loto Match,1,8,20,24,29,39,3
1431,2026-03-28,Loto Desquite,1,5,15,26,35,43,3
1432,2026-03-28,Loto Sale o Sale,17,22,25,29,33,41,3
1433,2026-04-01,Loto Tradicional,2,14,17,32,38,45,1
1434,2026-04-01,Loto Match,6,23,26,28,33,44,1
1435,2026-04-01,Loto Desquite,13,21,34,40,42,45,1
1436,2026-04-01,Loto Sale o Sale,11,22,25,31,34,42,1
1437,2026-04-04,Loto Tradicional,1,12,14,15,25,31,8
1438,2026-04-04,Loto Match,6,9,17,26,30,37,8
1439,2026-04-04,Loto Desquite,2,7,14,23,24,44,8
1440,2026-04-04,Loto Sale o Sale,2,17,19,25,32,38,8
1441,2026-04-08,Loto Tradicional,1,8,12,15,27,42,0
1442,2026-04-08,Loto Match,5,11,19,23,39,43,0
1443,2026-04-08,Loto Desquite,8,23,25,33,38,40,0
1444,2026-04-08,Loto Sale o Sale,11,15,17,19,30,34,0
1445,2026-04-11,Loto Tradicional,12,14,25,39,41,44,5
1446,2026-04-11,Loto Match,7,32,34,38,39,42,5
1447,2026-04-11,Loto Desquite,0,11,15,25,34,42,5
1448,2026-04-11,Loto Sale o Sale,6,8,27,32,36,40,5
1449,2026-04-15,Loto Tradicional,10,21,23,24,26,30,4
1450,2026-04-15,Loto Match,2,3,6,13,16,38,4
1451,2026-04-15,Loto Desquite,2,5,9,20,30,44,4
1452,2026-04-15,Loto Sale o Sale,1,5,13,33,38,42,4
1453,2026-04-18,Loto Tradicional,7,8,13,23,29,45,3
1454,2026-04-18,Loto Match,2,12,13,14,16,18,3
1455,2026-04-18,Loto Desquite,4,10,11,17,22,44,3
1456,2026-04-18,Loto Sale o Sale,9,11,21,25,39,43,3
1457,2026-04-22,Loto Tradicional,4,10,21,28,33,35,9
1458,2026-04-22,Loto Match,16,29,34,35,41,43,9
1459,2026-04-22,Loto Desquite,18,23,30,36,37,38,9
1460,2026-04-22,Loto Sale o Sale,10,11,13,21,31,40,9
1461,2026-04-25,Loto Tradicional,23,26,27,31,35,39,2
1462,2026-04-25,Loto Match,4,33,39,41,42,44,2
1463,2026-04-25,Loto Desquite,2,5,17,20,23,36,2
1464,2026-04-25,Loto Sale o Sale,13,23,25,37,41,44,2
